INSERT IGNORE INTO `annp_final`.`meet` (`meetid`, `name`, `course`, `city`, `nation`) VALUES ('41231234', 'Troféu Pescada - José Carlos Freitas e Troféu Master ANNP', 'SCM', 'Paços de Ferreira', 'POR');
INSERT IGNORE INTO `annp_final`.`club` (`clubid`, `code`, `name`, `nation`, `region`) VALUES ('11864', 'OC', 'Obidos Criativa, EEM', 'POR', 'ANDL');
INSERT IGNORE INTO `annp_final`.`club` (`clubid`, `code`, `name`, `nation`, `region`) VALUES ('11758', 'CLIPTEAM', 'CLIP Teams Associação Desportiva', 'POR', 'ANNP');
INSERT IGNORE INTO `annp_final`.`club` (`clubid`, `code`, `name`, `nation`, `region`) VALUES ('12138', 'CAPGE', 'Clube Associação de Pais da Gafanha da Encarnação', 'POR', 'ANCNP');
INSERT IGNORE INTO `annp_final`.`club` (`clubid`, `code`, `name`, `nation`, `region`) VALUES ('12537', 'SCA', 'Sporting Clube de Aveiro', 'POR', 'ANCNP');
INSERT IGNORE INTO `annp_final`.`club` (`clubid`, `code`, `name`, `nation`, `region`) VALUES ('12371', 'CNV', 'Clube de Natacao de Valongo', 'POR', 'ANNP');
INSERT IGNORE INTO `annp_final`.`club` (`clubid`, `code`, `name`, `nation`, `region`) VALUES ('11890', 'SCP', 'Sporting Clube de Portugal', 'POR', 'ANL');
INSERT IGNORE INTO `annp_final`.`club` (`clubid`, `code`, `name`, `nation`, `region`) VALUES ('12350', 'CNMAIA', 'Clube de Natacao da Maia', 'POR', 'ANNP');
INSERT IGNORE INTO `annp_final`.`club` (`clubid`, `code`, `name`, `nation`, `region`) VALUES ('12168', 'GCST', 'Ginásio Clube de Santo Tirso', 'POR', 'ANNP');
INSERT IGNORE INTO `annp_final`.`club` (`clubid`, `code`, `name`, `nation`, `region`) VALUES ('12418', 'ADP', 'Associação Desportiva de Penafiel', 'POR', 'ANNP');
INSERT IGNORE INTO `annp_final`.`club` (`clubid`, `code`, `name`, `nation`, `region`) VALUES ('12622', 'APUVE', 'Ass. Prop. Urbanização Vila DEste', 'POR', 'ANNP');
INSERT IGNORE INTO `annp_final`.`club` (`clubid`, `code`, `name`, `nation`, `region`) VALUES ('11776', 'CDF', 'Clube Desportivo Feirense', 'POR', 'ANCNP');
INSERT IGNORE INTO `annp_final`.`club` (`clubid`, `code`, `name`, `nation`, `region`) VALUES ('12213', 'LSC', 'Leixoes Sport Club', 'POR', 'ANNP');
INSERT IGNORE INTO `annp_final`.`club` (`clubid`, `code`, `name`, `nation`, `region`) VALUES ('12455', 'FCP', 'Futebol Clube do Porto', 'POR', 'ANNP');
INSERT IGNORE INTO `annp_final`.`club` (`clubid`, `code`, `name`, `nation`, `region`) VALUES ('11960', 'GDNFAMA', 'Grupo Desportivo Natação de V.N.Famalicão', 'POR', 'ANNP');
INSERT IGNORE INTO `annp_final`.`club` (`clubid`, `code`, `name`, `nation`, `region`) VALUES ('11905', 'CFV', 'Clube Fluvial Vilacondense', 'POR', 'ANNP');
INSERT IGNORE INTO `annp_final`.`club` (`clubid`, `code`, `name`, `nation`, `region`) VALUES ('12584', 'UDO', 'UD Oliveirense/FERSILVA', 'POR', 'ANCNP');
INSERT IGNORE INTO `annp_final`.`club` (`clubid`, `code`, `name`, `nation`, `region`) VALUES ('11885', 'SAD', 'Sport Algés e Dafundo', 'POR', 'ANL');
INSERT IGNORE INTO `annp_final`.`club` (`clubid`, `code`, `name`, `nation`, `region`) VALUES ('12163', 'CGA', 'Clube dos Galitos / Bresimar', 'POR', 'ANCNP');
INSERT IGNORE INTO `annp_final`.`club` (`clubid`, `code`, `name`, `nation`, `region`) VALUES ('11991', 'CFP', 'Clube Fluvial Portuense', 'POR', 'ANNP');
INSERT IGNORE INTO `annp_final`.`club` (`clubid`, `code`, `name`, `nation`, `region`) VALUES ('11854', 'CNPO', 'Clube Naval Povoense', 'POR', 'ANNP');
INSERT IGNORE INTO `annp_final`.`club` (`clubid`, `code`, `name`, `nation`, `region`) VALUES ('11849', 'CNMAL', 'Clube Natacao Masters de Almada', 'POR', 'ANL');
INSERT IGNORE INTO `annp_final`.`club` (`clubid`, `code`, `name`, `nation`, `region`) VALUES ('11877', 'FS', 'Salesianos', 'POR', 'ANL');
INSERT IGNORE INTO `annp_final`.`club` (`clubid`, `code`, `name`, `nation`, `region`) VALUES ('11928', 'CNAL', 'Clube de Natacao de Alcobaca', 'POR', 'ANDL');
INSERT IGNORE INTO `annp_final`.`club` (`clubid`, `code`, `name`, `nation`, `region`) VALUES ('11955', 'CNN', 'Clube Nacional de Natação', 'POR', 'ANL');
INSERT IGNORE INTO `annp_final`.`club` (`clubid`, `code`, `name`, `nation`, `region`) VALUES ('12095', 'FOCA', 'Foca-Clube de Natação de Felgueiras', 'POR', 'ANNP');
INSERT IGNORE INTO `annp_final`.`club` (`clubid`, `code`, `name`, `nation`, `region`) VALUES ('12559', 'SCE', 'Sporting Clube de Espinho', 'POR', 'ANCNP');
INSERT IGNORE INTO `annp_final`.`club` (`clubid`, `code`, `name`, `nation`, `region`) VALUES ('11764', 'CCLV', 'Clube de Campismo Luz e Vida', 'POR', 'ANL');
INSERT IGNORE INTO `annp_final`.`club` (`clubid`, `code`, `name`, `nation`, `region`) VALUES ('12598', 'VSC', 'Vitória Sport Clube', 'POR', 'ANNP');
INSERT IGNORE INTO `annp_final`.`athlete` (`license`, `firstname`, `lastname`, `gender`, `birthdate`, `nation`) VALUES ('210862', 'Rui Manuel', 'Cunha', 'M', '1967-03-14', 'POR');
INSERT IGNORE INTO `annp_final`.`athlete` (`license`, `firstname`, `lastname`, `gender`, `birthdate`, `nation`) VALUES ('211457', 'José Raposo', 'Junior', 'M', '1963-07-27', 'POR');
INSERT IGNORE INTO `annp_final`.`athlete` (`license`, `firstname`, `lastname`, `gender`, `birthdate`, `nation`) VALUES ('210528', 'Daniel Rocha', 'Tomás', 'M', '1983-01-27', 'POR');
INSERT IGNORE INTO `annp_final`.`athlete` (`license`, `firstname`, `lastname`, `gender`, `birthdate`, `nation`) VALUES ('12261', 'Eduardo José', 'Amaral', 'M', '1978-10-18', 'POR');
INSERT IGNORE INTO `annp_final`.`athlete` (`license`, `firstname`, `lastname`, `gender`, `birthdate`, `nation`) VALUES ('107038', 'Ana Monica', 'Eloi', 'F', '1996-12-29', 'POR');
INSERT IGNORE INTO `annp_final`.`athlete` (`license`, `firstname`, `lastname`, `gender`, `birthdate`, `nation`) VALUES ('131965', 'Juliana Cabral', 'Oliveira', 'F', '1985-06-30', 'POR');
INSERT IGNORE INTO `annp_final`.`athlete` (`license`, `firstname`, `lastname`, `gender`, `birthdate`, `nation`) VALUES ('214457', 'Fernando Duarte', 'Oliveira', 'M', '1986-12-19', 'POR');
INSERT IGNORE INTO `annp_final`.`athlete` (`license`, `firstname`, `lastname`, `gender`, `birthdate`, `nation`) VALUES ('212345', 'Cristina Maria', 'Martins', 'F', '1971-01-03', 'POR');
INSERT IGNORE INTO `annp_final`.`athlete` (`license`, `firstname`, `lastname`, `gender`, `birthdate`, `nation`) VALUES ('105039', 'Claudio Miguel', 'Gomes', 'M', '1995-08-10', 'POR');
INSERT IGNORE INTO `annp_final`.`athlete` (`license`, `firstname`, `lastname`, `gender`, `birthdate`, `nation`) VALUES ('109962', 'Maria Manuela', 'Sequeira', 'F', '1968-08-13', 'POR');
INSERT IGNORE INTO `annp_final`.`athlete` (`license`, `firstname`, `lastname`, `gender`, `birthdate`, `nation`) VALUES ('210469', 'Rodrigo Alexandre', 'Ramos', 'M', '1986-04-24', 'BRA');
INSERT IGNORE INTO `annp_final`.`athlete` (`license`, `firstname`, `lastname`, `gender`, `birthdate`, `nation`) VALUES ('123246', 'Ana Maria', 'Martins', 'F', '1979-10-26', 'POR');
INSERT IGNORE INTO `annp_final`.`athlete` (`license`, `firstname`, `lastname`, `gender`, `birthdate`, `nation`) VALUES ('213521', 'Hugo Alexandre', 'Borrego', 'M', '1972-11-22', 'POR');
INSERT IGNORE INTO `annp_final`.`athlete` (`license`, `firstname`, `lastname`, `gender`, `birthdate`, `nation`) VALUES ('213521', 'Celso Abreu', 'Fernandes', 'M', '1967-11-06', 'POR');
INSERT IGNORE INTO `annp_final`.`athlete` (`license`, `firstname`, `lastname`, `gender`, `birthdate`, `nation`) VALUES ('128894', 'Jorge Vieira', 'Ribeiro', 'M', '1964-03-13', 'POR');
INSERT IGNORE INTO `annp_final`.`athlete` (`license`, `firstname`, `lastname`, `gender`, `birthdate`, `nation`) VALUES ('120704', 'Daniel Castro', 'Trigo', 'M', '1965-11-25', 'POR');
INSERT IGNORE INTO `annp_final`.`athlete` (`license`, `firstname`, `lastname`, `gender`, `birthdate`, `nation`) VALUES ('214221', 'Eliana Marta', 'Castro', 'F', '1970-12-02', 'POR');
INSERT IGNORE INTO `annp_final`.`athlete` (`license`, `firstname`, `lastname`, `gender`, `birthdate`, `nation`) VALUES ('207728', 'Vitor Manuel', 'Cardoso', 'M', '1972-12-02', 'POR');
INSERT IGNORE INTO `annp_final`.`athlete` (`license`, `firstname`, `lastname`, `gender`, `birthdate`, `nation`) VALUES ('41243606', 'Maria Paula', 'Santos', 'F', '1971-05-05', 'POR');
INSERT IGNORE INTO `annp_final`.`athlete` (`license`, `firstname`, `lastname`, `gender`, `birthdate`, `nation`) VALUES ('213595', 'Attila Janus', 'Ambrus', 'M', '1974-05-16', 'POR');
INSERT IGNORE INTO `annp_final`.`athlete` (`license`, `firstname`, `lastname`, `gender`, `birthdate`, `nation`) VALUES ('215272', 'Luis Miguel', 'Ferreira', 'M', '1975-09-18', 'POR');
INSERT IGNORE INTO `annp_final`.`athlete` (`license`, `firstname`, `lastname`, `gender`, `birthdate`, `nation`) VALUES ('215209', 'Ana Filipa', 'Cardoso', 'F', '1992-05-07', 'POR');
INSERT IGNORE INTO `annp_final`.`athlete` (`license`, `firstname`, `lastname`, `gender`, `birthdate`, `nation`) VALUES ('26158', 'Susana Maria', 'Soares', 'F', '1970-02-19', 'POR');
INSERT IGNORE INTO `annp_final`.`athlete` (`license`, `firstname`, `lastname`, `gender`, `birthdate`, `nation`) VALUES ('127982', 'Jorge Miguel', 'Oliveira', 'M', '1980-05-02', 'POR');
INSERT IGNORE INTO `annp_final`.`athlete` (`license`, `firstname`, `lastname`, `gender`, `birthdate`, `nation`) VALUES ('209692', 'Luis Joao', 'Mourao', 'M', '1962-12-01', 'POR');
INSERT IGNORE INTO `annp_final`.`athlete` (`license`, `firstname`, `lastname`, `gender`, `birthdate`, `nation`) VALUES ('14684', 'Ricardo Jorge', 'Fernandes', 'M', '1972-06-14', 'POR');
INSERT IGNORE INTO `annp_final`.`athlete` (`license`, `firstname`, `lastname`, `gender`, `birthdate`, `nation`) VALUES ('215210', 'Sara Gomes', 'Henriques', 'F', '1985-03-20', 'POR');
INSERT IGNORE INTO `annp_final`.`athlete` (`license`, `firstname`, `lastname`, `gender`, `birthdate`, `nation`) VALUES ('204174', 'Telmo Alexandre', 'Barros', 'M', '1979-12-22', 'POR');
INSERT IGNORE INTO `annp_final`.`athlete` (`license`, `firstname`, `lastname`, `gender`, `birthdate`, `nation`) VALUES ('25645', 'Paulo Paula', 'Carvalho', 'M', '1961-03-23', 'POR');
INSERT IGNORE INTO `annp_final`.`athlete` (`license`, `firstname`, `lastname`, `gender`, `birthdate`, `nation`) VALUES ('204884', 'Hugo Andre', 'Afonso', 'M', '1976-12-23', 'POR');
INSERT IGNORE INTO `annp_final`.`athlete` (`license`, `firstname`, `lastname`, `gender`, `birthdate`, `nation`) VALUES ('17549', 'Helena Paula', 'Carvalho', 'F', '1964-05-03', 'POR');
INSERT IGNORE INTO `annp_final`.`athlete` (`license`, `firstname`, `lastname`, `gender`, `birthdate`, `nation`) VALUES ('41243584', 'Hugo Manuel', 'Ferreira', 'M', '1979-04-14', 'POR');
INSERT IGNORE INTO `annp_final`.`athlete` (`license`, `firstname`, `lastname`, `gender`, `birthdate`, `nation`) VALUES ('109284', 'Antonio Pais', 'Neto', 'M', '1995-02-05', 'POR');
INSERT IGNORE INTO `annp_final`.`athlete` (`license`, `firstname`, `lastname`, `gender`, `birthdate`, `nation`) VALUES ('111411', 'Joao Pedro', 'Ferreira', 'M', '1995-12-25', 'POR');
INSERT IGNORE INTO `annp_final`.`athlete` (`license`, `firstname`, `lastname`, `gender`, `birthdate`, `nation`) VALUES ('41243587', 'Tiago Frederico', 'Dias', 'M', '1984-09-24', 'POR');
INSERT IGNORE INTO `annp_final`.`athlete` (`license`, `firstname`, `lastname`, `gender`, `birthdate`, `nation`) VALUES ('129087', 'Rui Pedro', 'Ferreira', 'M', '1964-06-30', 'POR');
INSERT IGNORE INTO `annp_final`.`athlete` (`license`, `firstname`, `lastname`, `gender`, `birthdate`, `nation`) VALUES ('214250', 'Luis Miguel', 'Gomes', 'M', '1971-09-08', 'POR');
INSERT IGNORE INTO `annp_final`.`athlete` (`license`, `firstname`, `lastname`, `gender`, `birthdate`, `nation`) VALUES ('24291', 'Rui Pedro', 'Bandeira', 'M', '1995-12-20', 'POR');
INSERT IGNORE INTO `annp_final`.`athlete` (`license`, `firstname`, `lastname`, `gender`, `birthdate`, `nation`) VALUES ('15208', 'Maria Joao', 'Jose', 'F', '1990-12-17', 'POR');
INSERT IGNORE INTO `annp_final`.`athlete` (`license`, `firstname`, `lastname`, `gender`, `birthdate`, `nation`) VALUES ('15206', 'Ana Raquel', 'Lirio', 'F', '1990-12-10', 'POR');
INSERT IGNORE INTO `annp_final`.`athlete` (`license`, `firstname`, `lastname`, `gender`, `birthdate`, `nation`) VALUES ('205247', 'Rui Pedro', 'Borges', 'M', '1974-10-31', 'POR');
INSERT IGNORE INTO `annp_final`.`athlete` (`license`, `firstname`, `lastname`, `gender`, `birthdate`, `nation`) VALUES ('207922', 'Antonio Eduardo', 'Afonso', 'M', '1965-11-07', 'POR');
INSERT IGNORE INTO `annp_final`.`athlete` (`license`, `firstname`, `lastname`, `gender`, `birthdate`, `nation`) VALUES ('104504', 'Sandra Santa', 'Barbara', 'F', '1975-03-22', 'POR');
INSERT IGNORE INTO `annp_final`.`athlete` (`license`, `firstname`, `lastname`, `gender`, `birthdate`, `nation`) VALUES ('131837', 'Cristiano Rocha', 'Ferreira', 'M', '1973-02-17', 'POR');
INSERT IGNORE INTO `annp_final`.`athlete` (`license`, `firstname`, `lastname`, `gender`, `birthdate`, `nation`) VALUES ('15205', 'Helena Manuel', 'Jose', 'F', '1990-12-17', 'POR');
INSERT IGNORE INTO `annp_final`.`athlete` (`license`, `firstname`, `lastname`, `gender`, `birthdate`, `nation`) VALUES ('117386', 'Gracinda Maria', 'Machado', 'F', '1961-05-01', 'POR');
INSERT IGNORE INTO `annp_final`.`athlete` (`license`, `firstname`, `lastname`, `gender`, `birthdate`, `nation`) VALUES ('22405', 'Mariana Dias', 'Almeida', 'F', '1993-09-12', 'POR');
INSERT IGNORE INTO `annp_final`.`athlete` (`license`, `firstname`, `lastname`, `gender`, `birthdate`, `nation`) VALUES ('207923', 'Bruno Miguel', 'Oliveira', 'M', '1989-05-03', 'POR');
INSERT IGNORE INTO `annp_final`.`athlete` (`license`, `firstname`, `lastname`, `gender`, `birthdate`, `nation`) VALUES ('131311', 'Luis Rosario', 'Figueiredo', 'M', '1989-11-02', 'POR');
INSERT IGNORE INTO `annp_final`.`athlete` (`license`, `firstname`, `lastname`, `gender`, `birthdate`, `nation`) VALUES ('117424', 'Augusto Mariano', 'Soares', 'M', '1972-03-05', 'POR');
INSERT IGNORE INTO `annp_final`.`athlete` (`license`, `firstname`, `lastname`, `gender`, `birthdate`, `nation`) VALUES ('117387', 'Delfina Maria', 'Martins', 'F', '1966-11-22', 'POR');
INSERT IGNORE INTO `annp_final`.`athlete` (`license`, `firstname`, `lastname`, `gender`, `birthdate`, `nation`) VALUES ('15910', 'Fabio Andre', 'Madureira', 'M', '1990-05-19', 'POR');
INSERT IGNORE INTO `annp_final`.`athlete` (`license`, `firstname`, `lastname`, `gender`, `birthdate`, `nation`) VALUES ('208104', 'Jaime Antonio', 'Soares', 'M', '1987-07-02', 'POR');
INSERT IGNORE INTO `annp_final`.`athlete` (`license`, `firstname`, `lastname`, `gender`, `birthdate`, `nation`) VALUES ('207687', 'Fernando Daniel', 'Couto', 'M', '1990-01-05', 'POR');
INSERT IGNORE INTO `annp_final`.`athlete` (`license`, `firstname`, `lastname`, `gender`, `birthdate`, `nation`) VALUES ('207403', 'Filipe Ricardo', 'Dias', 'M', '1984-07-09', 'POR');
INSERT IGNORE INTO `annp_final`.`athlete` (`license`, `firstname`, `lastname`, `gender`, `birthdate`, `nation`) VALUES ('203931', 'Helder Tomas', 'Rocha', 'M', '1986-08-05', 'POR');
INSERT IGNORE INTO `annp_final`.`athlete` (`license`, `firstname`, `lastname`, `gender`, `birthdate`, `nation`) VALUES ('212657', 'Helder Daniel', 'Silvestre', 'M', '1980-10-20', 'POR');
INSERT IGNORE INTO `annp_final`.`athlete` (`license`, `firstname`, `lastname`, `gender`, `birthdate`, `nation`) VALUES ('201104', 'Antonio Manuel', 'Pereira', 'M', '1972-09-01', 'POR');
INSERT IGNORE INTO `annp_final`.`athlete` (`license`, `firstname`, `lastname`, `gender`, `birthdate`, `nation`) VALUES ('108673', 'Anastasia', 'Demidova', 'F', '1993-09-27', 'POR');
INSERT IGNORE INTO `annp_final`.`athlete` (`license`, `firstname`, `lastname`, `gender`, `birthdate`, `nation`) VALUES ('207402', 'Miguel Paulo', 'Silva', 'M', '1971-05-03', 'POR');
INSERT IGNORE INTO `annp_final`.`athlete` (`license`, `firstname`, `lastname`, `gender`, `birthdate`, `nation`) VALUES ('102081', 'Ana Isabel', 'Ferreira', 'F', '1992-09-26', 'POR');
INSERT IGNORE INTO `annp_final`.`athlete` (`license`, `firstname`, `lastname`, `gender`, `birthdate`, `nation`) VALUES ('153145', 'Maria Margarida', 'Machado', 'F', '1981-05-27', 'POR');
INSERT IGNORE INTO `annp_final`.`athlete` (`license`, `firstname`, `lastname`, `gender`, `birthdate`, `nation`) VALUES ('126945', 'Artur Rosa', 'Rosa', 'M', '1976-04-01', 'POR');
INSERT IGNORE INTO `annp_final`.`athlete` (`license`, `firstname`, `lastname`, `gender`, `birthdate`, `nation`) VALUES ('201740', 'Francisco Manuel', 'Sequeira', 'M', '1966-01-31', 'POR');
INSERT IGNORE INTO `annp_final`.`athlete` (`license`, `firstname`, `lastname`, `gender`, `birthdate`, `nation`) VALUES ('15415', 'Alexandra Sofia', 'Monteiro', 'F', '1992-04-01', 'POR');
INSERT IGNORE INTO `annp_final`.`athlete` (`license`, `firstname`, `lastname`, `gender`, `birthdate`, `nation`) VALUES ('204873', 'Jorge Fernando', 'Monteiro', 'M', '1966-02-04', 'POR');
INSERT IGNORE INTO `annp_final`.`athlete` (`license`, `firstname`, `lastname`, `gender`, `birthdate`, `nation`) VALUES ('103996', 'Diana Maria', 'Espinheira', 'F', '1992-02-11', 'POR');
INSERT IGNORE INTO `annp_final`.`athlete` (`license`, `firstname`, `lastname`, `gender`, `birthdate`, `nation`) VALUES ('107614', 'Filipe Jose', 'Baptista', 'M', '1994-01-11', 'POR');
INSERT IGNORE INTO `annp_final`.`athlete` (`license`, `firstname`, `lastname`, `gender`, `birthdate`, `nation`) VALUES ('214138', 'Valdemar Silva', 'Paiva', 'M', '1977-09-18', 'POR');
INSERT IGNORE INTO `annp_final`.`athlete` (`license`, `firstname`, `lastname`, `gender`, `birthdate`, `nation`) VALUES ('102795', 'Ana Lucia', 'Castro', 'F', '1992-12-18', 'POR');
INSERT IGNORE INTO `annp_final`.`athlete` (`license`, `firstname`, `lastname`, `gender`, `birthdate`, `nation`) VALUES ('120744', 'Armando Moreira', 'Rocha', 'M', '1974-03-19', 'POR');
INSERT IGNORE INTO `annp_final`.`athlete` (`license`, `firstname`, `lastname`, `gender`, `birthdate`, `nation`) VALUES ('109592', 'Joao Paulo', 'Capitao', 'M', '1996-01-31', 'POR');
INSERT IGNORE INTO `annp_final`.`athlete` (`license`, `firstname`, `lastname`, `gender`, `birthdate`, `nation`) VALUES ('41243016', 'Alfredo Alexandre', 'Carvalho', 'M', '1973-10-24', 'POR');
INSERT IGNORE INTO `annp_final`.`athlete` (`license`, `firstname`, `lastname`, `gender`, `birthdate`, `nation`) VALUES ('202205', 'Mario Xavier', 'Rocha', 'M', '1970-12-13', 'POR');
INSERT IGNORE INTO `annp_final`.`athlete` (`license`, `firstname`, `lastname`, `gender`, `birthdate`, `nation`) VALUES ('207732', 'Paula Cristina', 'Duarte', 'F', '1965-06-02', 'POR');
INSERT IGNORE INTO `annp_final`.`athlete` (`license`, `firstname`, `lastname`, `gender`, `birthdate`, `nation`) VALUES ('204136', 'Regina Fernanda', 'Azevedo', 'F', '1959-11-28', 'POR');
INSERT IGNORE INTO `annp_final`.`athlete` (`license`, `firstname`, `lastname`, `gender`, `birthdate`, `nation`) VALUES ('213336', 'Antonio Pires', 'Oliveira', 'M', '1969-12-21', 'POR');
INSERT IGNORE INTO `annp_final`.`athlete` (`license`, `firstname`, `lastname`, `gender`, `birthdate`, `nation`) VALUES ('106811', 'Alberto Nuno', 'Espinheiro', 'M', '1962-08-11', 'POR');
INSERT IGNORE INTO `annp_final`.`athlete` (`license`, `firstname`, `lastname`, `gender`, `birthdate`, `nation`) VALUES ('106814', 'Antonio Paulo', 'Silva', 'M', '1967-02-10', 'POR');
INSERT IGNORE INTO `annp_final`.`athlete` (`license`, `firstname`, `lastname`, `gender`, `birthdate`, `nation`) VALUES ('204631', 'Fernando Manuel', 'Silva', 'M', '1969-02-28', 'POR');
INSERT IGNORE INTO `annp_final`.`athlete` (`license`, `firstname`, `lastname`, `gender`, `birthdate`, `nation`) VALUES ('13596', 'Teresa Sofia', 'Leite', 'F', '1992-07-31', 'POR');
INSERT IGNORE INTO `annp_final`.`athlete` (`license`, `firstname`, `lastname`, `gender`, `birthdate`, `nation`) VALUES ('211173', 'Decio Manuel', 'Faria', 'M', '1972-06-30', 'POR');
INSERT IGNORE INTO `annp_final`.`athlete` (`license`, `firstname`, `lastname`, `gender`, `birthdate`, `nation`) VALUES ('211175', 'Maria Liza', 'Orioli', 'F', '1979-06-25', 'POR');
INSERT IGNORE INTO `annp_final`.`athlete` (`license`, `firstname`, `lastname`, `gender`, `birthdate`, `nation`) VALUES ('207623', 'Henrique Silva', 'Paiva', 'M', '1967-04-08', 'POR');
INSERT IGNORE INTO `annp_final`.`athlete` (`license`, `firstname`, `lastname`, `gender`, `birthdate`, `nation`) VALUES ('108505', 'Ruben Manuel', 'Almeida', 'M', '1995-08-29', 'POR');
INSERT IGNORE INTO `annp_final`.`athlete` (`license`, `firstname`, `lastname`, `gender`, `birthdate`, `nation`) VALUES ('121593', 'Joao Miguel', 'Macedo', 'M', '1974-06-03', 'POR');
INSERT IGNORE INTO `annp_final`.`athlete` (`license`, `firstname`, `lastname`, `gender`, `birthdate`, `nation`) VALUES ('130750', 'Filipe Monteiro', 'Pacheco', 'M', '1974-01-08', 'POR');
INSERT IGNORE INTO `annp_final`.`athlete` (`license`, `firstname`, `lastname`, `gender`, `birthdate`, `nation`) VALUES ('214120', 'Ana Luisa', 'Garcia', 'F', '1970-10-05', 'POR');
INSERT IGNORE INTO `annp_final`.`athlete` (`license`, `firstname`, `lastname`, `gender`, `birthdate`, `nation`) VALUES ('120500', 'Maria Teresa', 'Pinto', 'F', '1961-07-05', 'POR');
INSERT IGNORE INTO `annp_final`.`athlete` (`license`, `firstname`, `lastname`, `gender`, `birthdate`, `nation`) VALUES ('105769', 'Maria Manuela', 'Fonseca', 'F', '1985-05-18', 'POR');
INSERT IGNORE INTO `annp_final`.`athlete` (`license`, `firstname`, `lastname`, `gender`, `birthdate`, `nation`) VALUES ('204930', 'Hugo Rafael', 'Guedes', 'M', '1976-10-22', 'POR');
INSERT IGNORE INTO `annp_final`.`athlete` (`license`, `firstname`, `lastname`, `gender`, `birthdate`, `nation`) VALUES ('26074', 'Raquel Alexandra', 'Silva', 'F', '1991-06-04', 'POR');
INSERT IGNORE INTO `annp_final`.`athlete` (`license`, `firstname`, `lastname`, `gender`, `birthdate`, `nation`) VALUES ('25159', 'Jose Manuel', 'Fonseca', 'M', '1987-07-18', 'POR');
INSERT IGNORE INTO `annp_final`.`athlete` (`license`, `firstname`, `lastname`, `gender`, `birthdate`, `nation`) VALUES ('130027', 'Jose Manuel', 'Baptista', 'M', '1969-09-20', 'POR');
INSERT IGNORE INTO `annp_final`.`athlete` (`license`, `firstname`, `lastname`, `gender`, `birthdate`, `nation`) VALUES ('132355', 'Antonio Pedro', 'Castro', 'M', '1974-06-10', 'POR');
INSERT IGNORE INTO `annp_final`.`athlete` (`license`, `firstname`, `lastname`, `gender`, `birthdate`, `nation`) VALUES ('124702', 'Graca Maria', 'Almeida', 'F', '1973-08-18', 'POR');
INSERT IGNORE INTO `annp_final`.`athlete` (`license`, `firstname`, `lastname`, `gender`, `birthdate`, `nation`) VALUES ('41243458', 'Jorge Miguel', 'Caselha', 'M', '1995-09-12', 'POR');
INSERT IGNORE INTO `annp_final`.`athlete` (`license`, `firstname`, `lastname`, `gender`, `birthdate`, `nation`) VALUES ('41243459', 'Marta Joana', 'Almeida', 'F', '1978-04-04', 'POR');
INSERT IGNORE INTO `annp_final`.`athlete` (`license`, `firstname`, `lastname`, `gender`, `birthdate`, `nation`) VALUES ('200762', 'Cristina Isabel', 'Moura', 'F', '1963-07-31', 'POR');
INSERT IGNORE INTO `annp_final`.`athlete` (`license`, `firstname`, `lastname`, `gender`, `birthdate`, `nation`) VALUES ('132358', 'Pedro Bruno', 'Meneses', 'M', '1962-11-29', 'POR');
INSERT IGNORE INTO `annp_final`.`athlete` (`license`, `firstname`, `lastname`, `gender`, `birthdate`, `nation`) VALUES ('153141', 'Filipa Isabel', 'Reis', 'F', '1987-10-29', 'POR');
INSERT IGNORE INTO `annp_final`.`athlete` (`license`, `firstname`, `lastname`, `gender`, `birthdate`, `nation`) VALUES ('126944', 'Rodrigo Jorge', 'Rodrigues', 'M', '1969-01-20', 'POR');
INSERT IGNORE INTO `annp_final`.`athlete` (`license`, `firstname`, `lastname`, `gender`, `birthdate`, `nation`) VALUES ('120591', 'Sandra Marisa', 'Sousa', 'F', '1985-12-02', 'POR');
INSERT IGNORE INTO `annp_final`.`athlete` (`license`, `firstname`, `lastname`, `gender`, `birthdate`, `nation`) VALUES ('15954', 'Ricardo Amorim', 'Rego', 'M', '1984-06-24', 'POR');
INSERT IGNORE INTO `annp_final`.`athlete` (`license`, `firstname`, `lastname`, `gender`, `birthdate`, `nation`) VALUES ('119665', 'Elsa Maria', 'Fumega', 'F', '1978-08-21', 'POR');
INSERT IGNORE INTO `annp_final`.`athlete` (`license`, `firstname`, `lastname`, `gender`, `birthdate`, `nation`) VALUES ('214085', 'Jose Antonio', 'Ferreira', 'M', '1958-07-17', 'POR');
INSERT IGNORE INTO `annp_final`.`athlete` (`license`, `firstname`, `lastname`, `gender`, `birthdate`, `nation`) VALUES ('105263', 'Maria Santos', 'Fernandes', 'F', '1962-03-28', 'POR');
INSERT IGNORE INTO `annp_final`.`athlete` (`license`, `firstname`, `lastname`, `gender`, `birthdate`, `nation`) VALUES ('41243469', 'Nuno Duarte', 'Barbosa', 'M', '1996-04-07', 'POR');
INSERT IGNORE INTO `annp_final`.`athlete` (`license`, `firstname`, `lastname`, `gender`, `birthdate`, `nation`) VALUES ('206896', 'Luis Miguel', 'Antunes', 'M', '1968-03-18', 'POR');
INSERT IGNORE INTO `annp_final`.`athlete` (`license`, `firstname`, `lastname`, `gender`, `birthdate`, `nation`) VALUES ('132357', 'Maria Trigueiros', 'Cunha', 'F', '1964-03-27', 'POR');
INSERT IGNORE INTO `annp_final`.`athlete` (`license`, `firstname`, `lastname`, `gender`, `birthdate`, `nation`) VALUES ('26829', 'Maribel Santos', 'Fernandes', 'F', '1965-11-12', 'POR');
INSERT IGNORE INTO `annp_final`.`athlete` (`license`, `firstname`, `lastname`, `gender`, `birthdate`, `nation`) VALUES ('15824', 'Fernando Santos', 'Moreira', 'M', '1994-09-03', 'POR');
INSERT IGNORE INTO `annp_final`.`athlete` (`license`, `firstname`, `lastname`, `gender`, `birthdate`, `nation`) VALUES ('125910', 'Joao Pedro', 'Machado', 'M', '1986-11-09', 'POR');
INSERT IGNORE INTO `annp_final`.`athlete` (`license`, `firstname`, `lastname`, `gender`, `birthdate`, `nation`) VALUES ('131833', 'Joao Henrique', 'Seara', 'M', '1963-10-01', 'POR');
INSERT IGNORE INTO `annp_final`.`athlete` (`license`, `firstname`, `lastname`, `gender`, `birthdate`, `nation`) VALUES ('120501', 'Anette', 'Kind', 'F', '1961-12-12', 'GER');
INSERT IGNORE INTO `annp_final`.`athlete` (`license`, `firstname`, `lastname`, `gender`, `birthdate`, `nation`) VALUES ('112616', 'Paulo Alexandre', 'Neves', 'M', '1966-04-18', 'POR');
INSERT IGNORE INTO `annp_final`.`athlete` (`license`, `firstname`, `lastname`, `gender`, `birthdate`, `nation`) VALUES ('121739', 'Ana DAlte', 'Guedes', 'F', '1980-11-23', 'POR');
INSERT IGNORE INTO `annp_final`.`athlete` (`license`, `firstname`, `lastname`, `gender`, `birthdate`, `nation`) VALUES ('41243689', 'Filipa Guimaraes', 'Goncalves', 'F', '1981-01-29', 'POR');
INSERT IGNORE INTO `annp_final`.`athlete` (`license`, `firstname`, `lastname`, `gender`, `birthdate`, `nation`) VALUES ('41243690', 'Marta Prieto ', 'Bento', 'F', '1996-02-23', 'POR');
INSERT IGNORE INTO `annp_final`.`athlete` (`license`, `firstname`, `lastname`, `gender`, `birthdate`, `nation`) VALUES ('26838', 'Eduardo Jorge', 'Cohen', 'M', '1959-08-22', 'POR');
INSERT IGNORE INTO `annp_final`.`athlete` (`license`, `firstname`, `lastname`, `gender`, `birthdate`, `nation`) VALUES ('214867', 'Joana Azevedo Marinho Lemos', 'Moura', 'F', '1982-05-10', 'POR');
INSERT IGNORE INTO `annp_final`.`athlete` (`license`, `firstname`, `lastname`, `gender`, `birthdate`, `nation`) VALUES ('127786', 'Antonio Aderito', 'Chaves', 'M', '1970-10-30', 'POR');
INSERT IGNORE INTO `annp_final`.`athlete` (`license`, `firstname`, `lastname`, `gender`, `birthdate`, `nation`) VALUES ('108036', 'Rosalina Bessa', 'Babo', 'F', '1967-02-26', 'POR');
INSERT IGNORE INTO `annp_final`.`athlete` (`license`, `firstname`, `lastname`, `gender`, `birthdate`, `nation`) VALUES ('41243695', 'Pedro Jorge Leite da Silva Pei', 'Azevedo', 'M', '1972-06-21', 'POR');
INSERT IGNORE INTO `annp_final`.`athlete` (`license`, `firstname`, `lastname`, `gender`, `birthdate`, `nation`) VALUES ('213924', 'Cristian', 'Aita', 'M', '1977-11-03', 'POR');
INSERT IGNORE INTO `annp_final`.`athlete` (`license`, `firstname`, `lastname`, `gender`, `birthdate`, `nation`) VALUES ('106652', 'Sofia Isabel', 'Pereira', 'F', '1981-01-19', 'POR');
INSERT IGNORE INTO `annp_final`.`athlete` (`license`, `firstname`, `lastname`, `gender`, `birthdate`, `nation`) VALUES ('211227', 'Hugo Miguel', 'Vilas', 'M', '1978-11-02', 'POR');
INSERT IGNORE INTO `annp_final`.`athlete` (`license`, `firstname`, `lastname`, `gender`, `birthdate`, `nation`) VALUES ('123374', 'Pedro Alexandre', 'Sousa', 'M', '1982-04-09', 'POR');
INSERT IGNORE INTO `annp_final`.`athlete` (`license`, `firstname`, `lastname`, `gender`, `birthdate`, `nation`) VALUES ('14631', 'Bruno Miguel', 'Santos', 'M', '1976-07-27', 'POR');
INSERT IGNORE INTO `annp_final`.`athlete` (`license`, `firstname`, `lastname`, `gender`, `birthdate`, `nation`) VALUES ('41243701', 'Sandro Ricardo Costa', 'Ferraz', 'M', '1986-06-04', 'POR');
INSERT IGNORE INTO `annp_final`.`athlete` (`license`, `firstname`, `lastname`, `gender`, `birthdate`, `nation`) VALUES ('204549', 'Maria Manuel', 'Friaes', 'F', '1965-01-13', 'POR');
INSERT IGNORE INTO `annp_final`.`athlete` (`license`, `firstname`, `lastname`, `gender`, `birthdate`, `nation`) VALUES ('212365', 'Vivien Patricia Ferreira', 'Silva', 'F', '1962-12-08', 'POR');
INSERT IGNORE INTO `annp_final`.`athlete` (`license`, `firstname`, `lastname`, `gender`, `birthdate`, `nation`) VALUES ('108661', 'Francisco Santos', 'Barros', 'M', '1972-03-17', 'POR');
INSERT IGNORE INTO `annp_final`.`athlete` (`license`, `firstname`, `lastname`, `gender`, `birthdate`, `nation`) VALUES ('211230', 'Paulo Monteiro', 'Pinto', 'M', '1964-03-26', 'POR');
INSERT IGNORE INTO `annp_final`.`athlete` (`license`, `firstname`, `lastname`, `gender`, `birthdate`, `nation`) VALUES ('41243706', 'Manuel Filipe Martins Rocha', 'Ferreira', 'M', '1987-01-28', 'POR');
INSERT IGNORE INTO `annp_final`.`athlete` (`license`, `firstname`, `lastname`, `gender`, `birthdate`, `nation`) VALUES ('128252', 'Mario Jorge', 'Barros', 'M', '1956-06-06', 'POR');
INSERT IGNORE INTO `annp_final`.`athlete` (`license`, `firstname`, `lastname`, `gender`, `birthdate`, `nation`) VALUES ('210499', 'Alfredo Coelho', 'Magalhaes', 'M', '1953-11-29', 'POR');
INSERT IGNORE INTO `annp_final`.`athlete` (`license`, `firstname`, `lastname`, `gender`, `birthdate`, `nation`) VALUES ('214235', 'Antonio Sergio', 'Costa', 'M', '1984-03-23', 'POR');
INSERT IGNORE INTO `annp_final`.`athlete` (`license`, `firstname`, `lastname`, `gender`, `birthdate`, `nation`) VALUES ('15615', 'Francisca Silva', 'Carmo', 'F', '1994-09-20', 'POR');
INSERT IGNORE INTO `annp_final`.`athlete` (`license`, `firstname`, `lastname`, `gender`, `birthdate`, `nation`) VALUES ('110596', 'Cristina Alexandra', 'Furtado', 'F', '1996-02-22', 'POR');
INSERT IGNORE INTO `annp_final`.`athlete` (`license`, `firstname`, `lastname`, `gender`, `birthdate`, `nation`) VALUES ('215275', 'Luís Manuel', 'Oliveira', 'M', '1988-12-02', 'POR');
INSERT IGNORE INTO `annp_final`.`athlete` (`license`, `firstname`, `lastname`, `gender`, `birthdate`, `nation`) VALUES ('18082', 'Francisco Zamith', 'Passos', 'M', '1983-12-21', 'POR');
INSERT IGNORE INTO `annp_final`.`athlete` (`license`, `firstname`, `lastname`, `gender`, `birthdate`, `nation`) VALUES ('15611', 'Mario Rui', 'Cunha', 'M', '1993-01-06', 'POR');
INSERT IGNORE INTO `annp_final`.`athlete` (`license`, `firstname`, `lastname`, `gender`, `birthdate`, `nation`) VALUES ('23308', 'Nuno Miguel', 'Macedo', 'M', '1982-06-29', 'POR');
INSERT IGNORE INTO `annp_final`.`athlete` (`license`, `firstname`, `lastname`, `gender`, `birthdate`, `nation`) VALUES ('153262', 'Joaquim Silva', 'Santos', 'M', '1965-09-01', 'POR');
INSERT IGNORE INTO `annp_final`.`athlete` (`license`, `firstname`, `lastname`, `gender`, `birthdate`, `nation`) VALUES ('212423', 'Bruno Santos', 'Maia', 'M', '1981-08-09', 'POR');
INSERT IGNORE INTO `annp_final`.`athlete` (`license`, `firstname`, `lastname`, `gender`, `birthdate`, `nation`) VALUES ('153261', 'Ana Maria', 'Soares', 'F', '1971-01-14', 'POR');
INSERT IGNORE INTO `annp_final`.`athlete` (`license`, `firstname`, `lastname`, `gender`, `birthdate`, `nation`) VALUES ('104826', 'Renato Pereira', 'Neiva', 'M', '1989-11-12', 'POR');
INSERT IGNORE INTO `annp_final`.`athlete` (`license`, `firstname`, `lastname`, `gender`, `birthdate`, `nation`) VALUES ('111258', 'Catarina Teixeira', 'Esteves', 'F', '1978-01-26', 'POR');
INSERT IGNORE INTO `annp_final`.`athlete` (`license`, `firstname`, `lastname`, `gender`, `birthdate`, `nation`) VALUES ('23051', 'Tiago Dourado', 'Campos', 'M', '1988-09-06', 'POR');
INSERT IGNORE INTO `annp_final`.`athlete` (`license`, `firstname`, `lastname`, `gender`, `birthdate`, `nation`) VALUES ('132091', 'Debora Filipa', 'Santos', 'F', '1992-06-17', 'POR');
INSERT IGNORE INTO `annp_final`.`athlete` (`license`, `firstname`, `lastname`, `gender`, `birthdate`, `nation`) VALUES ('118614', 'Jaime Carlos', 'Bento', 'M', '1961-03-05', 'POR');
INSERT IGNORE INTO `annp_final`.`athlete` (`license`, `firstname`, `lastname`, `gender`, `birthdate`, `nation`) VALUES ('117125', 'Joana Isabel', 'Cunha', 'F', '1980-07-17', 'POR');
INSERT IGNORE INTO `annp_final`.`athlete` (`license`, `firstname`, `lastname`, `gender`, `birthdate`, `nation`) VALUES ('106203', 'Maria Fatima', 'Cabral', 'F', '1949-05-20', 'POR');
INSERT IGNORE INTO `annp_final`.`athlete` (`license`, `firstname`, `lastname`, `gender`, `birthdate`, `nation`) VALUES ('130679', 'Antonio Jorge', 'Marques', 'M', '1951-10-10', 'POR');
INSERT IGNORE INTO `annp_final`.`athlete` (`license`, `firstname`, `lastname`, `gender`, `birthdate`, `nation`) VALUES ('202850', 'Isabel Carolina', 'Neves', 'F', '1980-03-27', 'POR');
INSERT IGNORE INTO `annp_final`.`athlete` (`license`, `firstname`, `lastname`, `gender`, `birthdate`, `nation`) VALUES ('208445', 'Jose Miguel', 'Barroso', 'M', '1962-05-19', 'POR');
INSERT IGNORE INTO `annp_final`.`athlete` (`license`, `firstname`, `lastname`, `gender`, `birthdate`, `nation`) VALUES ('131782', 'Margarida Maria', 'Ribeiro', 'F', '1964-06-04', 'POR');
INSERT IGNORE INTO `annp_final`.`athlete` (`license`, `firstname`, `lastname`, `gender`, `birthdate`, `nation`) VALUES ('123664', 'Carlos Guimaraes', 'Goncalves', 'M', '1970-11-22', 'POR');
INSERT IGNORE INTO `annp_final`.`athlete` (`license`, `firstname`, `lastname`, `gender`, `birthdate`, `nation`) VALUES ('131590', 'Antonio Goncalves', 'Costa', 'M', '1946-12-30', 'POR');
INSERT IGNORE INTO `annp_final`.`athlete` (`license`, `firstname`, `lastname`, `gender`, `birthdate`, `nation`) VALUES ('205032', 'Pedro Nuno', 'Goncalves', 'M', '1972-05-25', 'POR');
INSERT IGNORE INTO `annp_final`.`athlete` (`license`, `firstname`, `lastname`, `gender`, `birthdate`, `nation`) VALUES ('212350', 'Maria Astride', 'Almeida', 'F', '1972-02-03', 'POR');
INSERT IGNORE INTO `annp_final`.`athlete` (`license`, `firstname`, `lastname`, `gender`, `birthdate`, `nation`) VALUES ('212606', 'Ines Silva', 'Carvalho', 'F', '1983-08-16', 'POR');
INSERT IGNORE INTO `annp_final`.`athlete` (`license`, `firstname`, `lastname`, `gender`, `birthdate`, `nation`) VALUES ('153144', 'Elza Maria', 'Carvalho', 'F', '1976-01-13', 'POR');
INSERT IGNORE INTO `annp_final`.`athlete` (`license`, `firstname`, `lastname`, `gender`, `birthdate`, `nation`) VALUES ('206897', 'Jose Rui', 'Amaral', 'M', '1963-02-23', 'POR');
INSERT IGNORE INTO `annp_final`.`athlete` (`license`, `firstname`, `lastname`, `gender`, `birthdate`, `nation`) VALUES ('100919', 'Antonio Alves', 'Cecilio', 'M', '1954-04-10', 'POR');
INSERT IGNORE INTO `annp_final`.`athlete` (`license`, `firstname`, `lastname`, `gender`, `birthdate`, `nation`) VALUES ('201375', 'Filipe Miguel', 'Silva', 'M', '1974-09-28', 'POR');
INSERT IGNORE INTO `annp_final`.`athlete` (`license`, `firstname`, `lastname`, `gender`, `birthdate`, `nation`) VALUES ('124701', 'Catarina Araujo', 'Blanco', 'F', '1971-11-08', 'POR');
INSERT IGNORE INTO `annp_final`.`athlete` (`license`, `firstname`, `lastname`, `gender`, `birthdate`, `nation`) VALUES ('205243', 'Antero Silva', 'Sousa', 'M', '1943-10-16', 'POR');
INSERT IGNORE INTO `annp_final`.`athlete` (`license`, `firstname`, `lastname`, `gender`, `birthdate`, `nation`) VALUES ('17203', 'Jose Pedro', 'Neves', 'M', '1981-09-08', 'POR');
INSERT IGNORE INTO `annp_final`.`athlete` (`license`, `firstname`, `lastname`, `gender`, `birthdate`, `nation`) VALUES ('201380', 'Luis Miguel', 'Bernardo', 'M', '1961-04-22', 'POR');
INSERT IGNORE INTO `annp_final`.`athlete` (`license`, `firstname`, `lastname`, `gender`, `birthdate`, `nation`) VALUES ('130665', 'Paulo Francisco', 'Torres', 'M', '1962-11-12', 'POR');
INSERT IGNORE INTO `annp_final`.`athlete` (`license`, `firstname`, `lastname`, `gender`, `birthdate`, `nation`) VALUES ('208406', 'Rui Miguel', 'Pinto', 'M', '1973-05-16', 'POR');
INSERT IGNORE INTO `annp_final`.`athlete` (`license`, `firstname`, `lastname`, `gender`, `birthdate`, `nation`) VALUES ('121758', 'Americo Pedro', 'Goncalves', 'M', '1971-05-19', 'POR');
INSERT IGNORE INTO `annp_final`.`athlete` (`license`, `firstname`, `lastname`, `gender`, `birthdate`, `nation`) VALUES ('153118', 'Pedro Alexandre', 'Inverneiro', 'M', '1971-04-21', 'POR');
INSERT IGNORE INTO `annp_final`.`athlete` (`license`, `firstname`, `lastname`, `gender`, `birthdate`, `nation`) VALUES ('204079', 'Antonio Maria', 'Cunha', 'M', '1971-09-03', 'POR');
INSERT IGNORE INTO `annp_final`.`athlete` (`license`, `firstname`, `lastname`, `gender`, `birthdate`, `nation`) VALUES ('121874', 'Francisco David', 'Ferreira', 'M', '1989-07-25', 'POR');
INSERT IGNORE INTO `annp_final`.`athlete` (`license`, `firstname`, `lastname`, `gender`, `birthdate`, `nation`) VALUES ('202097', 'Rui Alberto', 'Mendes', 'M', '1975-10-11', 'POR');
INSERT IGNORE INTO `annp_final`.`athlete` (`license`, `firstname`, `lastname`, `gender`, `birthdate`, `nation`) VALUES ('142204', 'Joao Luis', 'Roseira', 'M', '1955-02-27', 'POR');
INSERT IGNORE INTO `annp_final`.`athlete` (`license`, `firstname`, `lastname`, `gender`, `birthdate`, `nation`) VALUES ('204875', 'Sergio Manuel', 'Neves', 'M', '1982-10-02', 'POR');
INSERT IGNORE INTO `annp_final`.`athlete` (`license`, `firstname`, `lastname`, `gender`, `birthdate`, `nation`) VALUES ('102544', 'Nuno Silva', 'Lobo', 'M', '1963-12-13', 'POR');
INSERT IGNORE INTO `annp_final`.`athlete` (`license`, `firstname`, `lastname`, `gender`, `birthdate`, `nation`) VALUES ('10232', 'Ivan Mauricio', 'Couras', 'M', '1981-02-08', 'POR');
INSERT IGNORE INTO `annp_final`.`athlete` (`license`, `firstname`, `lastname`, `gender`, `birthdate`, `nation`) VALUES ('214263', 'Rui David', 'Castro', 'M', '1970-04-03', 'POR');
INSERT IGNORE INTO `annp_final`.`athlete` (`license`, `firstname`, `lastname`, `gender`, `birthdate`, `nation`) VALUES ('153155', 'Rui Abel', 'Pereira', 'M', '1973-11-12', 'POR');
INSERT IGNORE INTO `annp_final`.`athlete` (`license`, `firstname`, `lastname`, `gender`, `birthdate`, `nation`) VALUES ('118005', 'Marco Paulo', 'Silva', 'M', '1970-10-20', 'POR');
INSERT IGNORE INTO `annp_final`.`athlete` (`license`, `firstname`, `lastname`, `gender`, `birthdate`, `nation`) VALUES ('205535', 'Maria Rosa', 'Serra', 'F', '1977-05-27', 'POR');
INSERT IGNORE INTO `annp_final`.`athlete` (`license`, `firstname`, `lastname`, `gender`, `birthdate`, `nation`) VALUES ('206943', 'Nuno Miguel', 'Silva', 'M', '1972-07-30', 'POR');
INSERT IGNORE INTO `annp_final`.`athlete` (`license`, `firstname`, `lastname`, `gender`, `birthdate`, `nation`) VALUES ('GB578407', 'Ana Paula', 'Gonçalves', 'F', '1965-06-17', 'BRA');
INSERT IGNORE INTO `annp_final`.`athlete` (`license`, `firstname`, `lastname`, `gender`, `birthdate`, `nation`) VALUES ('128374', 'Alberto Vaz', 'Correia', 'M', '1955-09-22', 'POR');
INSERT IGNORE INTO `annp_final`.`athlete` (`license`, `firstname`, `lastname`, `gender`, `birthdate`, `nation`) VALUES ('203951', 'Ana Rita', 'Freitas', 'F', '1986-12-26', 'POR');
INSERT IGNORE INTO `annp_final`.`athlete` (`license`, `firstname`, `lastname`, `gender`, `birthdate`, `nation`) VALUES ('203952', 'David Jose', 'Oliveira', 'M', '1975-06-09', 'POR');
INSERT IGNORE INTO `annp_final`.`athlete` (`license`, `firstname`, `lastname`, `gender`, `birthdate`, `nation`) VALUES ('102300', 'Daniel Filipe', 'Pimenta', 'M', '1995-02-23', 'POR');
INSERT IGNORE INTO `annp_final`.`athlete` (`license`, `firstname`, `lastname`, `gender`, `birthdate`, `nation`) VALUES ('143386', 'Rui Marcal', 'Areias', 'M', '1975-01-17', 'POR');
INSERT IGNORE INTO `annp_final`.`athlete` (`license`, `firstname`, `lastname`, `gender`, `birthdate`, `nation`) VALUES ('215231', 'Patricia Sousa', 'Leal', 'F', '1977-03-18', 'POR');
INSERT IGNORE INTO `annp_final`.`athlete` (`license`, `firstname`, `lastname`, `gender`, `birthdate`, `nation`) VALUES ('210274', 'Vitor Santos', 'Reis', 'M', '1970-02-13', 'POR');
INSERT IGNORE INTO `annp_final`.`athlete` (`license`, `firstname`, `lastname`, `gender`, `birthdate`, `nation`) VALUES ('41243189', 'Paulo Gonçalves', 'Salvador', 'M', '1980-09-01', 'BRA');
INSERT IGNORE INTO `annp_final`.`athlete` (`license`, `firstname`, `lastname`, `gender`, `birthdate`, `nation`) VALUES ('147080', 'Vitorino Fernando', 'Faria', 'M', '1973-01-01', 'POR');
INSERT IGNORE INTO `annp_final`.`athlete` (`license`, `firstname`, `lastname`, `gender`, `birthdate`, `nation`) VALUES ('133361', 'Ana Rosa', 'Silva', 'F', '1980-11-19', 'POR');
INSERT IGNORE INTO `annp_final`.`athlete` (`license`, `firstname`, `lastname`, `gender`, `birthdate`, `nation`) VALUES ('132419', 'Rosa Leitao', 'Costa', 'F', '1965-07-15', 'POR');
INSERT IGNORE INTO `annp_final`.`athlete` (`license`, `firstname`, `lastname`, `gender`, `birthdate`, `nation`) VALUES ('132421', 'Vitor Carvalho', 'Lopes', 'M', '1972-09-24', 'POR');
INSERT IGNORE INTO `annp_final`.`athlete` (`license`, `firstname`, `lastname`, `gender`, `birthdate`, `nation`) VALUES ('107830', 'Luis Manuel', 'Ribeiro', 'M', '1991-07-27', 'POR');
INSERT IGNORE INTO `annp_final`.`athlete` (`license`, `firstname`, `lastname`, `gender`, `birthdate`, `nation`) VALUES ('202748', 'Manuel Fernando', 'Fernandes', 'M', '1968-03-14', 'POR');
INSERT IGNORE INTO `annp_final`.`athlete` (`license`, `firstname`, `lastname`, `gender`, `birthdate`, `nation`) VALUES ('153289', 'Pedro Cunha', 'Ribeiro', 'M', '1970-01-22', 'POR');
INSERT IGNORE INTO `annp_final`.`athlete` (`license`, `firstname`, `lastname`, `gender`, `birthdate`, `nation`) VALUES ('117638', 'Filipe Pinheiro', 'Pires', 'M', '1973-05-02', 'POR');
INSERT IGNORE INTO `annp_final`.`athlete` (`license`, `firstname`, `lastname`, `gender`, `birthdate`, `nation`) VALUES ('101691', 'Pedro Filipe', 'Pimentel', 'M', '1984-01-22', 'POR');
INSERT IGNORE INTO `annp_final`.`athlete` (`license`, `firstname`, `lastname`, `gender`, `birthdate`, `nation`) VALUES ('200652', 'Mario Nuno', 'Pereira', 'M', '1981-02-20', 'POR');
INSERT IGNORE INTO `annp_final`.`athlete` (`license`, `firstname`, `lastname`, `gender`, `birthdate`, `nation`) VALUES ('204547', 'Jose', 'Leite', 'M', '1948-09-16', 'POR');
INSERT IGNORE INTO `annp_final`.`athlete` (`license`, `firstname`, `lastname`, `gender`, `birthdate`, `nation`) VALUES ('18137', 'Ana Catarina', 'Teixeira', 'F', '1995-02-16', 'POR');
INSERT IGNORE INTO `annp_final`.`athlete` (`license`, `firstname`, `lastname`, `gender`, `birthdate`, `nation`) VALUES ('117114', 'Albano Couto', 'Teixeira', 'M', '1963-08-30', 'POR');
INSERT IGNORE INTO `annp_final`.`athlete` (`license`, `firstname`, `lastname`, `gender`, `birthdate`, `nation`) VALUES ('22442', 'Pedro Filipe', 'Martins', 'M', '1990-11-12', 'POR');
INSERT IGNORE INTO `annp_final`.`athlete` (`license`, `firstname`, `lastname`, `gender`, `birthdate`, `nation`) VALUES ('208451', 'Maria Manuela', 'Oliveira', 'F', '1974-11-07', 'POR');
INSERT IGNORE INTO `annp_final`.`athlete` (`license`, `firstname`, `lastname`, `gender`, `birthdate`, `nation`) VALUES ('207665', 'Fabio', 'Floriano', 'M', '1963-10-07', 'POR');
INSERT IGNORE INTO `annp_final`.`athlete` (`license`, `firstname`, `lastname`, `gender`, `birthdate`, `nation`) VALUES ('209351', 'Domingos Jose', 'Ferreira', 'M', '1954-11-05', 'POR');
INSERT IGNORE INTO `annp_final`.`athlete` (`license`, `firstname`, `lastname`, `gender`, `birthdate`, `nation`) VALUES ('207733', 'Yolanda', 'Rienderhoff', 'F', '1979-07-04', 'POR');
INSERT IGNORE INTO `annp_final`.`athlete` (`license`, `firstname`, `lastname`, `gender`, `birthdate`, `nation`) VALUES ('213246', 'Luis Alberto', 'Esparragoza', 'M', '1980-04-19', 'POR');
INSERT IGNORE INTO `annp_final`.`athlete` (`license`, `firstname`, `lastname`, `gender`, `birthdate`, `nation`) VALUES ('148547', 'Antonio Monteiro', 'Canelas', 'M', '1950-01-26', 'POR');
INSERT IGNORE INTO `annp_final`.`athlete` (`license`, `firstname`, `lastname`, `gender`, `birthdate`, `nation`) VALUES ('213247', 'Manuel Rui', 'Sousa', 'M', '1980-09-21', 'POR');
INSERT IGNORE INTO `annp_final`.`athlete` (`license`, `firstname`, `lastname`, `gender`, `birthdate`, `nation`) VALUES ('212131', 'Mário Nuno', 'Lopes', 'M', '1974-09-28', 'POR');
INSERT IGNORE INTO `annp_final`.`athlete` (`license`, `firstname`, `lastname`, `gender`, `birthdate`, `nation`) VALUES ('105895', 'Ana Filipa', 'Prior', 'F', '1977-08-29', 'POR');
INSERT IGNORE INTO `annp_final`.`athlete` (`license`, `firstname`, `lastname`, `gender`, `birthdate`, `nation`) VALUES ('206910', 'Bruno Gonçalo', 'Campos', 'M', '1976-11-12', 'POR');
INSERT IGNORE INTO `annp_final`.`athlete` (`license`, `firstname`, `lastname`, `gender`, `birthdate`, `nation`) VALUES ('110370', 'Jose Orlando', 'Novais', 'M', '1978-10-20', 'POR');
INSERT IGNORE INTO `annp_final`.`athlete` (`license`, `firstname`, `lastname`, `gender`, `birthdate`, `nation`) VALUES ('111733', 'Norberto Matos', 'Pereira', 'M', '1975-10-18', 'POR');
INSERT IGNORE INTO `annp_final`.`athlete` (`license`, `firstname`, `lastname`, `gender`, `birthdate`, `nation`) VALUES ('203962', 'Agostinho Jorge', 'Sousa', 'M', '1981-09-21', 'POR');
INSERT IGNORE INTO `annp_final`.`athlete` (`license`, `firstname`, `lastname`, `gender`, `birthdate`, `nation`) VALUES ('130114', 'Maria Manuela', 'Ferreira', 'F', '1970-07-16', 'POR');
INSERT IGNORE INTO `annp_final`.`athlete` (`license`, `firstname`, `lastname`, `gender`, `birthdate`, `nation`) VALUES ('118906', 'Armindo Manuel', 'Lobo', 'M', '1984-04-17', 'POR');
INSERT IGNORE INTO `annp_final`.`athlete` (`license`, `firstname`, `lastname`, `gender`, `birthdate`, `nation`) VALUES ('110317', 'Edgar Manuel', 'Guimaraes', 'M', '1980-09-10', 'POR');
INSERT IGNORE INTO `annp_final`.`enrolls` (`meetid`, `license`, `clubid`) VALUES ('41231234', '210862', '11864');
INSERT IGNORE INTO `annp_final`.`enrolls` (`meetid`, `license`, `clubid`) VALUES ('41231234', '211457', '11864');
INSERT IGNORE INTO `annp_final`.`enrolls` (`meetid`, `license`, `clubid`) VALUES ('41231234', '210528', '11864');
INSERT IGNORE INTO `annp_final`.`enrolls` (`meetid`, `license`, `clubid`) VALUES ('41231234', '12261', '11864');
INSERT IGNORE INTO `annp_final`.`enrolls` (`meetid`, `license`, `clubid`) VALUES ('41231234', '107038', '11758');
INSERT IGNORE INTO `annp_final`.`enrolls` (`meetid`, `license`, `clubid`) VALUES ('41231234', '131965', '12138');
INSERT IGNORE INTO `annp_final`.`enrolls` (`meetid`, `license`, `clubid`) VALUES ('41231234', '214457', '12138');
INSERT IGNORE INTO `annp_final`.`enrolls` (`meetid`, `license`, `clubid`) VALUES ('41231234', '212345', '12138');
INSERT IGNORE INTO `annp_final`.`enrolls` (`meetid`, `license`, `clubid`) VALUES ('41231234', '105039', '12138');
INSERT IGNORE INTO `annp_final`.`enrolls` (`meetid`, `license`, `clubid`) VALUES ('41231234', '109962', '12138');
INSERT IGNORE INTO `annp_final`.`enrolls` (`meetid`, `license`, `clubid`) VALUES ('41231234', '210469', '12138');
INSERT IGNORE INTO `annp_final`.`enrolls` (`meetid`, `license`, `clubid`) VALUES ('41231234', '123246', '12537');
INSERT IGNORE INTO `annp_final`.`enrolls` (`meetid`, `license`, `clubid`) VALUES ('41231234', '213521', '12537');
INSERT IGNORE INTO `annp_final`.`enrolls` (`meetid`, `license`, `clubid`) VALUES ('41231234', '213521', '12537');
INSERT IGNORE INTO `annp_final`.`enrolls` (`meetid`, `license`, `clubid`) VALUES ('41231234', '128894', '12537');
INSERT IGNORE INTO `annp_final`.`enrolls` (`meetid`, `license`, `clubid`) VALUES ('41231234', '120704', '12537');
INSERT IGNORE INTO `annp_final`.`enrolls` (`meetid`, `license`, `clubid`) VALUES ('41231234', '214221', '12537');
INSERT IGNORE INTO `annp_final`.`enrolls` (`meetid`, `license`, `clubid`) VALUES ('41231234', '207728', '12371');
INSERT IGNORE INTO `annp_final`.`enrolls` (`meetid`, `license`, `clubid`) VALUES ('41231234', '41243606', '12371');
INSERT IGNORE INTO `annp_final`.`enrolls` (`meetid`, `license`, `clubid`) VALUES ('41231234', '213595', '12371');
INSERT IGNORE INTO `annp_final`.`enrolls` (`meetid`, `license`, `clubid`) VALUES ('41231234', '215272', '12371');
INSERT IGNORE INTO `annp_final`.`enrolls` (`meetid`, `license`, `clubid`) VALUES ('41231234', '215209', '12371');
INSERT IGNORE INTO `annp_final`.`enrolls` (`meetid`, `license`, `clubid`) VALUES ('41231234', '26158', '12371');
INSERT IGNORE INTO `annp_final`.`enrolls` (`meetid`, `license`, `clubid`) VALUES ('41231234', '127982', '12371');
INSERT IGNORE INTO `annp_final`.`enrolls` (`meetid`, `license`, `clubid`) VALUES ('41231234', '209692', '12371');
INSERT IGNORE INTO `annp_final`.`enrolls` (`meetid`, `license`, `clubid`) VALUES ('41231234', '14684', '12371');
INSERT IGNORE INTO `annp_final`.`enrolls` (`meetid`, `license`, `clubid`) VALUES ('41231234', '215210', '12371');
INSERT IGNORE INTO `annp_final`.`enrolls` (`meetid`, `license`, `clubid`) VALUES ('41231234', '204174', '12371');
INSERT IGNORE INTO `annp_final`.`enrolls` (`meetid`, `license`, `clubid`) VALUES ('41231234', '25645', '11890');
INSERT IGNORE INTO `annp_final`.`enrolls` (`meetid`, `license`, `clubid`) VALUES ('41231234', '204884', '11890');
INSERT IGNORE INTO `annp_final`.`enrolls` (`meetid`, `license`, `clubid`) VALUES ('41231234', '17549', '11890');
INSERT IGNORE INTO `annp_final`.`enrolls` (`meetid`, `license`, `clubid`) VALUES ('41231234', '41243584', '12350');
INSERT IGNORE INTO `annp_final`.`enrolls` (`meetid`, `license`, `clubid`) VALUES ('41231234', '109284', '12350');
INSERT IGNORE INTO `annp_final`.`enrolls` (`meetid`, `license`, `clubid`) VALUES ('41231234', '111411', '12350');
INSERT IGNORE INTO `annp_final`.`enrolls` (`meetid`, `license`, `clubid`) VALUES ('41231234', '41243587', '12350');
INSERT IGNORE INTO `annp_final`.`enrolls` (`meetid`, `license`, `clubid`) VALUES ('41231234', '129087', '12350');
INSERT IGNORE INTO `annp_final`.`enrolls` (`meetid`, `license`, `clubid`) VALUES ('41231234', '214250', '12350');
INSERT IGNORE INTO `annp_final`.`enrolls` (`meetid`, `license`, `clubid`) VALUES ('41231234', '24291', '12350');
INSERT IGNORE INTO `annp_final`.`enrolls` (`meetid`, `license`, `clubid`) VALUES ('41231234', '15208', '12168');
INSERT IGNORE INTO `annp_final`.`enrolls` (`meetid`, `license`, `clubid`) VALUES ('41231234', '15206', '12168');
INSERT IGNORE INTO `annp_final`.`enrolls` (`meetid`, `license`, `clubid`) VALUES ('41231234', '205247', '12168');
INSERT IGNORE INTO `annp_final`.`enrolls` (`meetid`, `license`, `clubid`) VALUES ('41231234', '207922', '12168');
INSERT IGNORE INTO `annp_final`.`enrolls` (`meetid`, `license`, `clubid`) VALUES ('41231234', '104504', '12168');
INSERT IGNORE INTO `annp_final`.`enrolls` (`meetid`, `license`, `clubid`) VALUES ('41231234', '131837', '12168');
INSERT IGNORE INTO `annp_final`.`enrolls` (`meetid`, `license`, `clubid`) VALUES ('41231234', '15205', '12168');
INSERT IGNORE INTO `annp_final`.`enrolls` (`meetid`, `license`, `clubid`) VALUES ('41231234', '117386', '12168');
INSERT IGNORE INTO `annp_final`.`enrolls` (`meetid`, `license`, `clubid`) VALUES ('41231234', '22405', '12168');
INSERT IGNORE INTO `annp_final`.`enrolls` (`meetid`, `license`, `clubid`) VALUES ('41231234', '207923', '12168');
INSERT IGNORE INTO `annp_final`.`enrolls` (`meetid`, `license`, `clubid`) VALUES ('41231234', '131311', '12168');
INSERT IGNORE INTO `annp_final`.`enrolls` (`meetid`, `license`, `clubid`) VALUES ('41231234', '117424', '12168');
INSERT IGNORE INTO `annp_final`.`enrolls` (`meetid`, `license`, `clubid`) VALUES ('41231234', '117387', '12168');
INSERT IGNORE INTO `annp_final`.`enrolls` (`meetid`, `license`, `clubid`) VALUES ('41231234', '15910', '12418');
INSERT IGNORE INTO `annp_final`.`enrolls` (`meetid`, `license`, `clubid`) VALUES ('41231234', '208104', '12418');
INSERT IGNORE INTO `annp_final`.`enrolls` (`meetid`, `license`, `clubid`) VALUES ('41231234', '207687', '12418');
INSERT IGNORE INTO `annp_final`.`enrolls` (`meetid`, `license`, `clubid`) VALUES ('41231234', '207403', '12418');
INSERT IGNORE INTO `annp_final`.`enrolls` (`meetid`, `license`, `clubid`) VALUES ('41231234', '203931', '12418');
INSERT IGNORE INTO `annp_final`.`enrolls` (`meetid`, `license`, `clubid`) VALUES ('41231234', '212657', '12418');
INSERT IGNORE INTO `annp_final`.`enrolls` (`meetid`, `license`, `clubid`) VALUES ('41231234', '201104', '12418');
INSERT IGNORE INTO `annp_final`.`enrolls` (`meetid`, `license`, `clubid`) VALUES ('41231234', '108673', '12418');
INSERT IGNORE INTO `annp_final`.`enrolls` (`meetid`, `license`, `clubid`) VALUES ('41231234', '207402', '12418');
INSERT IGNORE INTO `annp_final`.`enrolls` (`meetid`, `license`, `clubid`) VALUES ('41231234', '102081', '12418');
INSERT IGNORE INTO `annp_final`.`enrolls` (`meetid`, `license`, `clubid`) VALUES ('41231234', '153145', '12622');
INSERT IGNORE INTO `annp_final`.`enrolls` (`meetid`, `license`, `clubid`) VALUES ('41231234', '126945', '12622');
INSERT IGNORE INTO `annp_final`.`enrolls` (`meetid`, `license`, `clubid`) VALUES ('41231234', '201740', '12622');
INSERT IGNORE INTO `annp_final`.`enrolls` (`meetid`, `license`, `clubid`) VALUES ('41231234', '15415', '12622');
INSERT IGNORE INTO `annp_final`.`enrolls` (`meetid`, `license`, `clubid`) VALUES ('41231234', '204873', '12622');
INSERT IGNORE INTO `annp_final`.`enrolls` (`meetid`, `license`, `clubid`) VALUES ('41231234', '103996', '11776');
INSERT IGNORE INTO `annp_final`.`enrolls` (`meetid`, `license`, `clubid`) VALUES ('41231234', '107614', '11776');
INSERT IGNORE INTO `annp_final`.`enrolls` (`meetid`, `license`, `clubid`) VALUES ('41231234', '214138', '11776');
INSERT IGNORE INTO `annp_final`.`enrolls` (`meetid`, `license`, `clubid`) VALUES ('41231234', '102795', '11776');
INSERT IGNORE INTO `annp_final`.`enrolls` (`meetid`, `license`, `clubid`) VALUES ('41231234', '120744', '11776');
INSERT IGNORE INTO `annp_final`.`enrolls` (`meetid`, `license`, `clubid`) VALUES ('41231234', '109592', '11776');
INSERT IGNORE INTO `annp_final`.`enrolls` (`meetid`, `license`, `clubid`) VALUES ('41231234', '41243016', '11776');
INSERT IGNORE INTO `annp_final`.`enrolls` (`meetid`, `license`, `clubid`) VALUES ('41231234', '202205', '11776');
INSERT IGNORE INTO `annp_final`.`enrolls` (`meetid`, `license`, `clubid`) VALUES ('41231234', '207732', '11776');
INSERT IGNORE INTO `annp_final`.`enrolls` (`meetid`, `license`, `clubid`) VALUES ('41231234', '204136', '11776');
INSERT IGNORE INTO `annp_final`.`enrolls` (`meetid`, `license`, `clubid`) VALUES ('41231234', '213336', '11776');
INSERT IGNORE INTO `annp_final`.`enrolls` (`meetid`, `license`, `clubid`) VALUES ('41231234', '106811', '11776');
INSERT IGNORE INTO `annp_final`.`enrolls` (`meetid`, `license`, `clubid`) VALUES ('41231234', '106814', '11776');
INSERT IGNORE INTO `annp_final`.`enrolls` (`meetid`, `license`, `clubid`) VALUES ('41231234', '204631', '11776');
INSERT IGNORE INTO `annp_final`.`enrolls` (`meetid`, `license`, `clubid`) VALUES ('41231234', '13596', '11776');
INSERT IGNORE INTO `annp_final`.`enrolls` (`meetid`, `license`, `clubid`) VALUES ('41231234', '211173', '11776');
INSERT IGNORE INTO `annp_final`.`enrolls` (`meetid`, `license`, `clubid`) VALUES ('41231234', '211175', '11776');
INSERT IGNORE INTO `annp_final`.`enrolls` (`meetid`, `license`, `clubid`) VALUES ('41231234', '207623', '11776');
INSERT IGNORE INTO `annp_final`.`enrolls` (`meetid`, `license`, `clubid`) VALUES ('41231234', '108505', '11776');
INSERT IGNORE INTO `annp_final`.`enrolls` (`meetid`, `license`, `clubid`) VALUES ('41231234', '121593', '12213');
INSERT IGNORE INTO `annp_final`.`enrolls` (`meetid`, `license`, `clubid`) VALUES ('41231234', '130750', '12213');
INSERT IGNORE INTO `annp_final`.`enrolls` (`meetid`, `license`, `clubid`) VALUES ('41231234', '214120', '12213');
INSERT IGNORE INTO `annp_final`.`enrolls` (`meetid`, `license`, `clubid`) VALUES ('41231234', '120500', '12213');
INSERT IGNORE INTO `annp_final`.`enrolls` (`meetid`, `license`, `clubid`) VALUES ('41231234', '105769', '12213');
INSERT IGNORE INTO `annp_final`.`enrolls` (`meetid`, `license`, `clubid`) VALUES ('41231234', '204930', '12213');
INSERT IGNORE INTO `annp_final`.`enrolls` (`meetid`, `license`, `clubid`) VALUES ('41231234', '26074', '12213');
INSERT IGNORE INTO `annp_final`.`enrolls` (`meetid`, `license`, `clubid`) VALUES ('41231234', '25159', '12213');
INSERT IGNORE INTO `annp_final`.`enrolls` (`meetid`, `license`, `clubid`) VALUES ('41231234', '130027', '12213');
INSERT IGNORE INTO `annp_final`.`enrolls` (`meetid`, `license`, `clubid`) VALUES ('41231234', '132355', '12213');
INSERT IGNORE INTO `annp_final`.`enrolls` (`meetid`, `license`, `clubid`) VALUES ('41231234', '124702', '12213');
INSERT IGNORE INTO `annp_final`.`enrolls` (`meetid`, `license`, `clubid`) VALUES ('41231234', '41243458', '12213');
INSERT IGNORE INTO `annp_final`.`enrolls` (`meetid`, `license`, `clubid`) VALUES ('41231234', '41243459', '12213');
INSERT IGNORE INTO `annp_final`.`enrolls` (`meetid`, `license`, `clubid`) VALUES ('41231234', '200762', '12213');
INSERT IGNORE INTO `annp_final`.`enrolls` (`meetid`, `license`, `clubid`) VALUES ('41231234', '132358', '12213');
INSERT IGNORE INTO `annp_final`.`enrolls` (`meetid`, `license`, `clubid`) VALUES ('41231234', '153141', '12213');
INSERT IGNORE INTO `annp_final`.`enrolls` (`meetid`, `license`, `clubid`) VALUES ('41231234', '126944', '12213');
INSERT IGNORE INTO `annp_final`.`enrolls` (`meetid`, `license`, `clubid`) VALUES ('41231234', '120591', '12213');
INSERT IGNORE INTO `annp_final`.`enrolls` (`meetid`, `license`, `clubid`) VALUES ('41231234', '15954', '12213');
INSERT IGNORE INTO `annp_final`.`enrolls` (`meetid`, `license`, `clubid`) VALUES ('41231234', '119665', '12213');
INSERT IGNORE INTO `annp_final`.`enrolls` (`meetid`, `license`, `clubid`) VALUES ('41231234', '214085', '12213');
INSERT IGNORE INTO `annp_final`.`enrolls` (`meetid`, `license`, `clubid`) VALUES ('41231234', '105263', '12213');
INSERT IGNORE INTO `annp_final`.`enrolls` (`meetid`, `license`, `clubid`) VALUES ('41231234', '41243469', '12213');
INSERT IGNORE INTO `annp_final`.`enrolls` (`meetid`, `license`, `clubid`) VALUES ('41231234', '206896', '12213');
INSERT IGNORE INTO `annp_final`.`enrolls` (`meetid`, `license`, `clubid`) VALUES ('41231234', '132357', '12213');
INSERT IGNORE INTO `annp_final`.`enrolls` (`meetid`, `license`, `clubid`) VALUES ('41231234', '26829', '12213');
INSERT IGNORE INTO `annp_final`.`enrolls` (`meetid`, `license`, `clubid`) VALUES ('41231234', '15824', '12213');
INSERT IGNORE INTO `annp_final`.`enrolls` (`meetid`, `license`, `clubid`) VALUES ('41231234', '125910', '12213');
INSERT IGNORE INTO `annp_final`.`enrolls` (`meetid`, `license`, `clubid`) VALUES ('41231234', '131833', '12213');
INSERT IGNORE INTO `annp_final`.`enrolls` (`meetid`, `license`, `clubid`) VALUES ('41231234', '120501', '12213');
INSERT IGNORE INTO `annp_final`.`enrolls` (`meetid`, `license`, `clubid`) VALUES ('41231234', '112616', '12213');
INSERT IGNORE INTO `annp_final`.`enrolls` (`meetid`, `license`, `clubid`) VALUES ('41231234', '121739', '12213');
INSERT IGNORE INTO `annp_final`.`enrolls` (`meetid`, `license`, `clubid`) VALUES ('41231234', '41243689', '12455');
INSERT IGNORE INTO `annp_final`.`enrolls` (`meetid`, `license`, `clubid`) VALUES ('41231234', '41243690', '12455');
INSERT IGNORE INTO `annp_final`.`enrolls` (`meetid`, `license`, `clubid`) VALUES ('41231234', '26838', '12455');
INSERT IGNORE INTO `annp_final`.`enrolls` (`meetid`, `license`, `clubid`) VALUES ('41231234', '214867', '12455');
INSERT IGNORE INTO `annp_final`.`enrolls` (`meetid`, `license`, `clubid`) VALUES ('41231234', '127786', '12455');
INSERT IGNORE INTO `annp_final`.`enrolls` (`meetid`, `license`, `clubid`) VALUES ('41231234', '108036', '12455');
INSERT IGNORE INTO `annp_final`.`enrolls` (`meetid`, `license`, `clubid`) VALUES ('41231234', '41243695', '12455');
INSERT IGNORE INTO `annp_final`.`enrolls` (`meetid`, `license`, `clubid`) VALUES ('41231234', '213924', '12455');
INSERT IGNORE INTO `annp_final`.`enrolls` (`meetid`, `license`, `clubid`) VALUES ('41231234', '106652', '12455');
INSERT IGNORE INTO `annp_final`.`enrolls` (`meetid`, `license`, `clubid`) VALUES ('41231234', '211227', '12455');
INSERT IGNORE INTO `annp_final`.`enrolls` (`meetid`, `license`, `clubid`) VALUES ('41231234', '123374', '12455');
INSERT IGNORE INTO `annp_final`.`enrolls` (`meetid`, `license`, `clubid`) VALUES ('41231234', '14631', '12455');
INSERT IGNORE INTO `annp_final`.`enrolls` (`meetid`, `license`, `clubid`) VALUES ('41231234', '41243701', '12455');
INSERT IGNORE INTO `annp_final`.`enrolls` (`meetid`, `license`, `clubid`) VALUES ('41231234', '204549', '12455');
INSERT IGNORE INTO `annp_final`.`enrolls` (`meetid`, `license`, `clubid`) VALUES ('41231234', '212365', '12455');
INSERT IGNORE INTO `annp_final`.`enrolls` (`meetid`, `license`, `clubid`) VALUES ('41231234', '108661', '12455');
INSERT IGNORE INTO `annp_final`.`enrolls` (`meetid`, `license`, `clubid`) VALUES ('41231234', '211230', '12455');
INSERT IGNORE INTO `annp_final`.`enrolls` (`meetid`, `license`, `clubid`) VALUES ('41231234', '41243706', '12455');
INSERT IGNORE INTO `annp_final`.`enrolls` (`meetid`, `license`, `clubid`) VALUES ('41231234', '128252', '12455');
INSERT IGNORE INTO `annp_final`.`enrolls` (`meetid`, `license`, `clubid`) VALUES ('41231234', '210499', '12455');
INSERT IGNORE INTO `annp_final`.`enrolls` (`meetid`, `license`, `clubid`) VALUES ('41231234', '214235', '11960');
INSERT IGNORE INTO `annp_final`.`enrolls` (`meetid`, `license`, `clubid`) VALUES ('41231234', '15615', '11960');
INSERT IGNORE INTO `annp_final`.`enrolls` (`meetid`, `license`, `clubid`) VALUES ('41231234', '110596', '11960');
INSERT IGNORE INTO `annp_final`.`enrolls` (`meetid`, `license`, `clubid`) VALUES ('41231234', '215275', '11960');
INSERT IGNORE INTO `annp_final`.`enrolls` (`meetid`, `license`, `clubid`) VALUES ('41231234', '18082', '11960');
INSERT IGNORE INTO `annp_final`.`enrolls` (`meetid`, `license`, `clubid`) VALUES ('41231234', '15611', '11960');
INSERT IGNORE INTO `annp_final`.`enrolls` (`meetid`, `license`, `clubid`) VALUES ('41231234', '23308', '11960');
INSERT IGNORE INTO `annp_final`.`enrolls` (`meetid`, `license`, `clubid`) VALUES ('41231234', '153262', '11905');
INSERT IGNORE INTO `annp_final`.`enrolls` (`meetid`, `license`, `clubid`) VALUES ('41231234', '212423', '11905');
INSERT IGNORE INTO `annp_final`.`enrolls` (`meetid`, `license`, `clubid`) VALUES ('41231234', '153261', '11905');
INSERT IGNORE INTO `annp_final`.`enrolls` (`meetid`, `license`, `clubid`) VALUES ('41231234', '104826', '11905');
INSERT IGNORE INTO `annp_final`.`enrolls` (`meetid`, `license`, `clubid`) VALUES ('41231234', '111258', '11905');
INSERT IGNORE INTO `annp_final`.`enrolls` (`meetid`, `license`, `clubid`) VALUES ('41231234', '23051', '11905');
INSERT IGNORE INTO `annp_final`.`enrolls` (`meetid`, `license`, `clubid`) VALUES ('41231234', '132091', '11905');
INSERT IGNORE INTO `annp_final`.`enrolls` (`meetid`, `license`, `clubid`) VALUES ('41231234', '118614', '11885');
INSERT IGNORE INTO `annp_final`.`enrolls` (`meetid`, `license`, `clubid`) VALUES ('41231234', '117125', '12163');
INSERT IGNORE INTO `annp_final`.`enrolls` (`meetid`, `license`, `clubid`) VALUES ('41231234', '106203', '11991');
INSERT IGNORE INTO `annp_final`.`enrolls` (`meetid`, `license`, `clubid`) VALUES ('41231234', '130679', '11991');
INSERT IGNORE INTO `annp_final`.`enrolls` (`meetid`, `license`, `clubid`) VALUES ('41231234', '202850', '11991');
INSERT IGNORE INTO `annp_final`.`enrolls` (`meetid`, `license`, `clubid`) VALUES ('41231234', '208445', '11991');
INSERT IGNORE INTO `annp_final`.`enrolls` (`meetid`, `license`, `clubid`) VALUES ('41231234', '131782', '11991');
INSERT IGNORE INTO `annp_final`.`enrolls` (`meetid`, `license`, `clubid`) VALUES ('41231234', '123664', '11991');
INSERT IGNORE INTO `annp_final`.`enrolls` (`meetid`, `license`, `clubid`) VALUES ('41231234', '131590', '11991');
INSERT IGNORE INTO `annp_final`.`enrolls` (`meetid`, `license`, `clubid`) VALUES ('41231234', '205032', '11991');
INSERT IGNORE INTO `annp_final`.`enrolls` (`meetid`, `license`, `clubid`) VALUES ('41231234', '212350', '11991');
INSERT IGNORE INTO `annp_final`.`enrolls` (`meetid`, `license`, `clubid`) VALUES ('41231234', '212606', '11991');
INSERT IGNORE INTO `annp_final`.`enrolls` (`meetid`, `license`, `clubid`) VALUES ('41231234', '153144', '11991');
INSERT IGNORE INTO `annp_final`.`enrolls` (`meetid`, `license`, `clubid`) VALUES ('41231234', '206897', '11991');
INSERT IGNORE INTO `annp_final`.`enrolls` (`meetid`, `license`, `clubid`) VALUES ('41231234', '100919', '11991');
INSERT IGNORE INTO `annp_final`.`enrolls` (`meetid`, `license`, `clubid`) VALUES ('41231234', '201375', '11991');
INSERT IGNORE INTO `annp_final`.`enrolls` (`meetid`, `license`, `clubid`) VALUES ('41231234', '124701', '11991');
INSERT IGNORE INTO `annp_final`.`enrolls` (`meetid`, `license`, `clubid`) VALUES ('41231234', '205243', '11991');
INSERT IGNORE INTO `annp_final`.`enrolls` (`meetid`, `license`, `clubid`) VALUES ('41231234', '17203', '11991');
INSERT IGNORE INTO `annp_final`.`enrolls` (`meetid`, `license`, `clubid`) VALUES ('41231234', '201380', '11991');
INSERT IGNORE INTO `annp_final`.`enrolls` (`meetid`, `license`, `clubid`) VALUES ('41231234', '130665', '11991');
INSERT IGNORE INTO `annp_final`.`enrolls` (`meetid`, `license`, `clubid`) VALUES ('41231234', '208406', '11991');
INSERT IGNORE INTO `annp_final`.`enrolls` (`meetid`, `license`, `clubid`) VALUES ('41231234', '121758', '11991');
INSERT IGNORE INTO `annp_final`.`enrolls` (`meetid`, `license`, `clubid`) VALUES ('41231234', '153118', '11991');
INSERT IGNORE INTO `annp_final`.`enrolls` (`meetid`, `license`, `clubid`) VALUES ('41231234', '204079', '11991');
INSERT IGNORE INTO `annp_final`.`enrolls` (`meetid`, `license`, `clubid`) VALUES ('41231234', '121874', '11991');
INSERT IGNORE INTO `annp_final`.`enrolls` (`meetid`, `license`, `clubid`) VALUES ('41231234', '202097', '11991');
INSERT IGNORE INTO `annp_final`.`enrolls` (`meetid`, `license`, `clubid`) VALUES ('41231234', '142204', '11991');
INSERT IGNORE INTO `annp_final`.`enrolls` (`meetid`, `license`, `clubid`) VALUES ('41231234', '204875', '11991');
INSERT IGNORE INTO `annp_final`.`enrolls` (`meetid`, `license`, `clubid`) VALUES ('41231234', '102544', '11991');
INSERT IGNORE INTO `annp_final`.`enrolls` (`meetid`, `license`, `clubid`) VALUES ('41231234', '10232', '11991');
INSERT IGNORE INTO `annp_final`.`enrolls` (`meetid`, `license`, `clubid`) VALUES ('41231234', '214263', '11991');
INSERT IGNORE INTO `annp_final`.`enrolls` (`meetid`, `license`, `clubid`) VALUES ('41231234', '153155', '11991');
INSERT IGNORE INTO `annp_final`.`enrolls` (`meetid`, `license`, `clubid`) VALUES ('41231234', '118005', '11854');
INSERT IGNORE INTO `annp_final`.`enrolls` (`meetid`, `license`, `clubid`) VALUES ('41231234', '205535', '11854');
INSERT IGNORE INTO `annp_final`.`enrolls` (`meetid`, `license`, `clubid`) VALUES ('41231234', '206943', '11854');
INSERT IGNORE INTO `annp_final`.`enrolls` (`meetid`, `license`, `clubid`) VALUES ('41231234', 'GB578407', '11849');
INSERT IGNORE INTO `annp_final`.`enrolls` (`meetid`, `license`, `clubid`) VALUES ('41231234', '128374', '11877');
INSERT IGNORE INTO `annp_final`.`enrolls` (`meetid`, `license`, `clubid`) VALUES ('41231234', '203951', '11928');
INSERT IGNORE INTO `annp_final`.`enrolls` (`meetid`, `license`, `clubid`) VALUES ('41231234', '203952', '11928');
INSERT IGNORE INTO `annp_final`.`enrolls` (`meetid`, `license`, `clubid`) VALUES ('41231234', '102300', '11928');
INSERT IGNORE INTO `annp_final`.`enrolls` (`meetid`, `license`, `clubid`) VALUES ('41231234', '143386', '11928');
INSERT IGNORE INTO `annp_final`.`enrolls` (`meetid`, `license`, `clubid`) VALUES ('41231234', '215231', '11928');
INSERT IGNORE INTO `annp_final`.`enrolls` (`meetid`, `license`, `clubid`) VALUES ('41231234', '210274', '11928');
INSERT IGNORE INTO `annp_final`.`enrolls` (`meetid`, `license`, `clubid`) VALUES ('41231234', '41243189', '11955');
INSERT IGNORE INTO `annp_final`.`enrolls` (`meetid`, `license`, `clubid`) VALUES ('41231234', '147080', '12095');
INSERT IGNORE INTO `annp_final`.`enrolls` (`meetid`, `license`, `clubid`) VALUES ('41231234', '133361', '12095');
INSERT IGNORE INTO `annp_final`.`enrolls` (`meetid`, `license`, `clubid`) VALUES ('41231234', '132419', '12095');
INSERT IGNORE INTO `annp_final`.`enrolls` (`meetid`, `license`, `clubid`) VALUES ('41231234', '132421', '12095');
INSERT IGNORE INTO `annp_final`.`enrolls` (`meetid`, `license`, `clubid`) VALUES ('41231234', '107830', '12095');
INSERT IGNORE INTO `annp_final`.`enrolls` (`meetid`, `license`, `clubid`) VALUES ('41231234', '202748', '12095');
INSERT IGNORE INTO `annp_final`.`enrolls` (`meetid`, `license`, `clubid`) VALUES ('41231234', '153289', '12095');
INSERT IGNORE INTO `annp_final`.`enrolls` (`meetid`, `license`, `clubid`) VALUES ('41231234', '117638', '12095');
INSERT IGNORE INTO `annp_final`.`enrolls` (`meetid`, `license`, `clubid`) VALUES ('41231234', '101691', '12095');
INSERT IGNORE INTO `annp_final`.`enrolls` (`meetid`, `license`, `clubid`) VALUES ('41231234', '200652', '12095');
INSERT IGNORE INTO `annp_final`.`enrolls` (`meetid`, `license`, `clubid`) VALUES ('41231234', '204547', '12095');
INSERT IGNORE INTO `annp_final`.`enrolls` (`meetid`, `license`, `clubid`) VALUES ('41231234', '18137', '12095');
INSERT IGNORE INTO `annp_final`.`enrolls` (`meetid`, `license`, `clubid`) VALUES ('41231234', '117114', '12095');
INSERT IGNORE INTO `annp_final`.`enrolls` (`meetid`, `license`, `clubid`) VALUES ('41231234', '22442', '12095');
INSERT IGNORE INTO `annp_final`.`enrolls` (`meetid`, `license`, `clubid`) VALUES ('41231234', '208451', '12559');
INSERT IGNORE INTO `annp_final`.`enrolls` (`meetid`, `license`, `clubid`) VALUES ('41231234', '207665', '12559');
INSERT IGNORE INTO `annp_final`.`enrolls` (`meetid`, `license`, `clubid`) VALUES ('41231234', '209351', '12559');
INSERT IGNORE INTO `annp_final`.`enrolls` (`meetid`, `license`, `clubid`) VALUES ('41231234', '207733', '12559');
INSERT IGNORE INTO `annp_final`.`enrolls` (`meetid`, `license`, `clubid`) VALUES ('41231234', '213246', '12559');
INSERT IGNORE INTO `annp_final`.`enrolls` (`meetid`, `license`, `clubid`) VALUES ('41231234', '148547', '12559');
INSERT IGNORE INTO `annp_final`.`enrolls` (`meetid`, `license`, `clubid`) VALUES ('41231234', '213247', '12559');
INSERT IGNORE INTO `annp_final`.`enrolls` (`meetid`, `license`, `clubid`) VALUES ('41231234', '212131', '11764');
INSERT IGNORE INTO `annp_final`.`enrolls` (`meetid`, `license`, `clubid`) VALUES ('41231234', '105895', '11764');
INSERT IGNORE INTO `annp_final`.`enrolls` (`meetid`, `license`, `clubid`) VALUES ('41231234', '206910', '11764');
INSERT IGNORE INTO `annp_final`.`enrolls` (`meetid`, `license`, `clubid`) VALUES ('41231234', '110370', '12598');
INSERT IGNORE INTO `annp_final`.`enrolls` (`meetid`, `license`, `clubid`) VALUES ('41231234', '111733', '12598');
INSERT IGNORE INTO `annp_final`.`enrolls` (`meetid`, `license`, `clubid`) VALUES ('41231234', '203962', '12598');
INSERT IGNORE INTO `annp_final`.`enrolls` (`meetid`, `license`, `clubid`) VALUES ('41231234', '130114', '12598');
INSERT IGNORE INTO `annp_final`.`enrolls` (`meetid`, `license`, `clubid`) VALUES ('41231234', '118906', '12598');
INSERT IGNORE INTO `annp_final`.`enrolls` (`meetid`, `license`, `clubid`) VALUES ('41231234', '110317', '12598');
INSERT IGNORE INTO `annp_final`.`swimstyle` (`swimstyleid`, `distance`, `stroke`, `relaycount`) VALUES ('41231235', '50', 'MEDLEY', '4');
INSERT IGNORE INTO `annp_final`.`swimstyle` (`swimstyleid`, `distance`, `stroke`, `relaycount`) VALUES ('41231236', '1500', 'FREE', '1');
INSERT IGNORE INTO `annp_final`.`swimstyle` (`swimstyleid`, `distance`, `stroke`, `relaycount`) VALUES ('41231237', '100', 'BACK', '1');
INSERT IGNORE INTO `annp_final`.`swimstyle` (`swimstyleid`, `distance`, `stroke`, `relaycount`) VALUES ('41231238', '200', 'BACK', '1');
INSERT IGNORE INTO `annp_final`.`swimstyle` (`swimstyleid`, `distance`, `stroke`, `relaycount`) VALUES ('41231239', '50', 'FREE', '1');
INSERT IGNORE INTO `annp_final`.`swimstyle` (`swimstyleid`, `distance`, `stroke`, `relaycount`) VALUES ('41231240', '100', 'FLY', '1');
INSERT IGNORE INTO `annp_final`.`swimstyle` (`swimstyleid`, `distance`, `stroke`, `relaycount`) VALUES ('41231241', '200', 'FLY', '1');
INSERT IGNORE INTO `annp_final`.`swimstyle` (`swimstyleid`, `distance`, `stroke`, `relaycount`) VALUES ('41231242', '50', 'BREAST', '1');
INSERT IGNORE INTO `annp_final`.`swimstyle` (`swimstyleid`, `distance`, `stroke`, `relaycount`) VALUES ('41231243', '100', 'FREE', '4');
INSERT IGNORE INTO `annp_final`.`swimstyle` (`swimstyleid`, `distance`, `stroke`, `relaycount`) VALUES ('41231244', '50', 'FREE', '4');
INSERT IGNORE INTO `annp_final`.`swimstyle` (`swimstyleid`, `distance`, `stroke`, `relaycount`) VALUES ('41231245', '400', 'MEDLEY', '1');
INSERT IGNORE INTO `annp_final`.`swimstyle` (`swimstyleid`, `distance`, `stroke`, `relaycount`) VALUES ('41231246', '100', 'FREE', '1');
INSERT IGNORE INTO `annp_final`.`swimstyle` (`swimstyleid`, `distance`, `stroke`, `relaycount`) VALUES ('41231247', '200', 'FREE', '1');
INSERT IGNORE INTO `annp_final`.`swimstyle` (`swimstyleid`, `distance`, `stroke`, `relaycount`) VALUES ('41231248', '50', 'BACK', '1');
INSERT IGNORE INTO `annp_final`.`swimstyle` (`swimstyleid`, `distance`, `stroke`, `relaycount`) VALUES ('41231249', '100', 'BREAST', '1');
INSERT IGNORE INTO `annp_final`.`swimstyle` (`swimstyleid`, `distance`, `stroke`, `relaycount`) VALUES ('41231250', '200', 'BREAST', '1');
INSERT IGNORE INTO `annp_final`.`swimstyle` (`swimstyleid`, `distance`, `stroke`, `relaycount`) VALUES ('41231251', '50', 'FLY', '1');
INSERT IGNORE INTO `annp_final`.`swimstyle` (`swimstyleid`, `distance`, `stroke`, `relaycount`) VALUES ('41231252', '100', 'MEDLEY', '4');
INSERT IGNORE INTO `annp_final`.`swimstyle` (`swimstyleid`, `distance`, `stroke`, `relaycount`) VALUES ('41231235', '50', 'MEDLEY', '4');
INSERT IGNORE INTO `annp_final`.`swimstyle` (`swimstyleid`, `distance`, `stroke`, `relaycount`) VALUES ('41231236', '1500', 'FREE', '1');
INSERT IGNORE INTO `annp_final`.`swimstyle` (`swimstyleid`, `distance`, `stroke`, `relaycount`) VALUES ('41231237', '100', 'BACK', '1');
INSERT IGNORE INTO `annp_final`.`swimstyle` (`swimstyleid`, `distance`, `stroke`, `relaycount`) VALUES ('41231238', '200', 'BACK', '1');
INSERT IGNORE INTO `annp_final`.`swimstyle` (`swimstyleid`, `distance`, `stroke`, `relaycount`) VALUES ('41231239', '50', 'FREE', '1');
INSERT IGNORE INTO `annp_final`.`swimstyle` (`swimstyleid`, `distance`, `stroke`, `relaycount`) VALUES ('41231240', '100', 'FLY', '1');
INSERT IGNORE INTO `annp_final`.`swimstyle` (`swimstyleid`, `distance`, `stroke`, `relaycount`) VALUES ('41231241', '200', 'FLY', '1');
INSERT IGNORE INTO `annp_final`.`swimstyle` (`swimstyleid`, `distance`, `stroke`, `relaycount`) VALUES ('41231242', '50', 'BREAST', '1');
INSERT IGNORE INTO `annp_final`.`swimstyle` (`swimstyleid`, `distance`, `stroke`, `relaycount`) VALUES ('41231243', '100', 'FREE', '4');
INSERT IGNORE INTO `annp_final`.`swimstyle` (`swimstyleid`, `distance`, `stroke`, `relaycount`) VALUES ('41231244', '50', 'FREE', '4');
INSERT IGNORE INTO `annp_final`.`swimstyle` (`swimstyleid`, `distance`, `stroke`, `relaycount`) VALUES ('41231245', '400', 'MEDLEY', '1');
INSERT IGNORE INTO `annp_final`.`swimstyle` (`swimstyleid`, `distance`, `stroke`, `relaycount`) VALUES ('41231246', '100', 'FREE', '1');
INSERT IGNORE INTO `annp_final`.`swimstyle` (`swimstyleid`, `distance`, `stroke`, `relaycount`) VALUES ('41231247', '200', 'FREE', '1');
INSERT IGNORE INTO `annp_final`.`swimstyle` (`swimstyleid`, `distance`, `stroke`, `relaycount`) VALUES ('41231248', '50', 'BACK', '1');
INSERT IGNORE INTO `annp_final`.`swimstyle` (`swimstyleid`, `distance`, `stroke`, `relaycount`) VALUES ('41231249', '100', 'BREAST', '1');
INSERT IGNORE INTO `annp_final`.`swimstyle` (`swimstyleid`, `distance`, `stroke`, `relaycount`) VALUES ('41231250', '200', 'BREAST', '1');
INSERT IGNORE INTO `annp_final`.`swimstyle` (`swimstyleid`, `distance`, `stroke`, `relaycount`) VALUES ('41231251', '50', 'FLY', '1');
INSERT IGNORE INTO `annp_final`.`swimstyle` (`swimstyleid`, `distance`, `stroke`, `relaycount`) VALUES ('41231252', '100', 'MEDLEY', '4');
INSERT IGNORE INTO `annp_final`.`session` (`sessionid`, `name`, `date`, `time`, `meetid`) VALUES ('41231242', '1ª Jornada', '2021-12-04', '09:00', '41231234');
INSERT IGNORE INTO `annp_final`.`session` (`sessionid`, `name`, `date`, `time`, `meetid`) VALUES ('41231243', '2ª Jornada', '2021-12-04', '15:00', '41231234');
INSERT IGNORE INTO `annp_final`.`event` (`eventid`, `gender`, `time`, `sessionid`, `swimstyleid`) VALUES ('10314', 'X', '09:00', '41231242', '41231235');
INSERT IGNORE INTO `annp_final`.`event` (`eventid`, `gender`, `time`, `sessionid`, `swimstyleid`) VALUES ('4102', 'F', '09:15', '41231242', '41231236');
INSERT IGNORE INTO `annp_final`.`event` (`eventid`, `gender`, `time`, `sessionid`, `swimstyleid`) VALUES ('4128', 'M', '09:45', '41231242', '41231236');
INSERT IGNORE INTO `annp_final`.`event` (`eventid`, `gender`, `time`, `sessionid`, `swimstyleid`) VALUES ('9605', 'F', '10:45', '41231242', '41231237');
INSERT IGNORE INTO `annp_final`.`event` (`eventid`, `gender`, `time`, `sessionid`, `swimstyleid`) VALUES ('9632', 'M', '10:55', '41231242', '41231237');
INSERT IGNORE INTO `annp_final`.`event` (`eventid`, `gender`, `time`, `sessionid`, `swimstyleid`) VALUES ('2111', 'F', '11:05', '41231242', '41231238');
INSERT IGNORE INTO `annp_final`.`event` (`eventid`, `gender`, `time`, `sessionid`, `swimstyleid`) VALUES ('2124', 'M', '11:10', '41231242', '41231238');
INSERT IGNORE INTO `annp_final`.`event` (`eventid`, `gender`, `time`, `sessionid`, `swimstyleid`) VALUES ('9659', 'F', '11:20', '41231242', '41231239');
INSERT IGNORE INTO `annp_final`.`event` (`eventid`, `gender`, `time`, `sessionid`, `swimstyleid`) VALUES ('9685', 'M', '11:30', '41231242', '41231239');
INSERT IGNORE INTO `annp_final`.`event` (`eventid`, `gender`, `time`, `sessionid`, `swimstyleid`) VALUES ('2164', 'F', '11:40', '41231242', '41231240');
INSERT IGNORE INTO `annp_final`.`event` (`eventid`, `gender`, `time`, `sessionid`, `swimstyleid`) VALUES ('2177', 'M', '11:45', '41231242', '41231240');
INSERT IGNORE INTO `annp_final`.`event` (`eventid`, `gender`, `time`, `sessionid`, `swimstyleid`) VALUES ('10322', 'F', '11:50', '41231242', '41231241');
INSERT IGNORE INTO `annp_final`.`event` (`eventid`, `gender`, `time`, `sessionid`, `swimstyleid`) VALUES ('10336', 'M', '11:55', '41231242', '41231241');
INSERT IGNORE INTO `annp_final`.`event` (`eventid`, `gender`, `time`, `sessionid`, `swimstyleid`) VALUES ('10350', 'F', '12:00', '41231242', '41231242');
INSERT IGNORE INTO `annp_final`.`event` (`eventid`, `gender`, `time`, `sessionid`, `swimstyleid`) VALUES ('10364', 'M', '12:05', '41231242', '41231242');
INSERT IGNORE INTO `annp_final`.`event` (`eventid`, `gender`, `time`, `sessionid`, `swimstyleid`) VALUES ('1061', 'X', '12:30', '41231242', '41231243');
INSERT IGNORE INTO `annp_final`.`event` (`eventid`, `gender`, `time`, `sessionid`, `swimstyleid`) VALUES ('10378', 'X', '15:00', '41231243', '41231244');
INSERT IGNORE INTO `annp_final`.`event` (`eventid`, `gender`, `time`, `sessionid`, `swimstyleid`) VALUES ('1118', 'F', '15:10', '41231243', '41231245');
INSERT IGNORE INTO `annp_final`.`event` (`eventid`, `gender`, `time`, `sessionid`, `swimstyleid`) VALUES ('1131', 'M', '15:20', '41231243', '41231245');
INSERT IGNORE INTO `annp_final`.`event` (`eventid`, `gender`, `time`, `sessionid`, `swimstyleid`) VALUES ('9711', 'F', '15:25', '41231243', '41231246');
INSERT IGNORE INTO `annp_final`.`event` (`eventid`, `gender`, `time`, `sessionid`, `swimstyleid`) VALUES ('9737', 'M', '15:35', '41231243', '41231246');
INSERT IGNORE INTO `annp_final`.`event` (`eventid`, `gender`, `time`, `sessionid`, `swimstyleid`) VALUES ('1144', 'F', '15:50', '41231243', '41231247');
INSERT IGNORE INTO `annp_final`.`event` (`eventid`, `gender`, `time`, `sessionid`, `swimstyleid`) VALUES ('1157', 'M', '16:00', '41231243', '41231247');
INSERT IGNORE INTO `annp_final`.`event` (`eventid`, `gender`, `time`, `sessionid`, `swimstyleid`) VALUES ('10386', 'F', '16:20', '41231243', '41231248');
INSERT IGNORE INTO `annp_final`.`event` (`eventid`, `gender`, `time`, `sessionid`, `swimstyleid`) VALUES ('10399', 'M', '16:30', '41231243', '41231248');
INSERT IGNORE INTO `annp_final`.`event` (`eventid`, `gender`, `time`, `sessionid`, `swimstyleid`) VALUES ('9763', 'F', '16:35', '41231243', '41231249');
INSERT IGNORE INTO `annp_final`.`event` (`eventid`, `gender`, `time`, `sessionid`, `swimstyleid`) VALUES ('9789', 'M', '16:40', '41231243', '41231249');
INSERT IGNORE INTO `annp_final`.`event` (`eventid`, `gender`, `time`, `sessionid`, `swimstyleid`) VALUES ('2190', 'F', '16:50', '41231243', '41231250');
INSERT IGNORE INTO `annp_final`.`event` (`eventid`, `gender`, `time`, `sessionid`, `swimstyleid`) VALUES ('2203', 'M', '17:00', '41231243', '41231250');
INSERT IGNORE INTO `annp_final`.`event` (`eventid`, `gender`, `time`, `sessionid`, `swimstyleid`) VALUES ('10412', 'F', '17:10', '41231243', '41231251');
INSERT IGNORE INTO `annp_final`.`event` (`eventid`, `gender`, `time`, `sessionid`, `swimstyleid`) VALUES ('10426', 'M', '17:15', '41231243', '41231251');
INSERT IGNORE INTO `annp_final`.`event` (`eventid`, `gender`, `time`, `sessionid`, `swimstyleid`) VALUES ('1053', 'X', '17:30', '41231243', '41231252');
INSERT IGNORE INTO `annp_final`.`result` (`resultid`, `eventid`, `license`, `state`, `points`, `swimtime`) VALUES ('11869', '9737', '210862', '', '264', '00:01:25.26');
INSERT IGNORE INTO `annp_final`.`result` (`resultid`, `eventid`, `license`, `state`, `points`, `swimtime`) VALUES ('11870', '10426', '210862', '', '243', '00:00:43.86');
INSERT IGNORE INTO `annp_final`.`result` (`resultid`, `eventid`, `license`, `state`, `points`, `swimtime`) VALUES ('11872', '9737', '211457', '', '', '00:00:00.00');
INSERT IGNORE INTO `annp_final`.`result` (`resultid`, `eventid`, `license`, `state`, `points`, `swimtime`) VALUES ('11874', '10399', '210528', '', '210', '00:00:43.17');
INSERT IGNORE INTO `annp_final`.`result` (`resultid`, `eventid`, `license`, `state`, `points`, `swimtime`) VALUES ('11875', '9737', '210528', '', '290', '00:01:17.65');
INSERT IGNORE INTO `annp_final`.`result` (`resultid`, `eventid`, `license`, `state`, `points`, `swimtime`) VALUES ('11876', '2203', '210528', '', '236', '00:03:47.46');
INSERT IGNORE INTO `annp_final`.`result` (`resultid`, `eventid`, `license`, `state`, `points`, `swimtime`) VALUES ('11866', '9789', '12261', '', '336', '00:01:31.44');
INSERT IGNORE INTO `annp_final`.`result` (`resultid`, `eventid`, `license`, `state`, `points`, `swimtime`) VALUES ('11867', '9737', '12261', '', '375', '00:01:11.09');
INSERT IGNORE INTO `annp_final`.`result` (`resultid`, `eventid`, `license`, `state`, `points`, `swimtime`) VALUES ('11760', '2111', '107038', '', '702', '00:02:33.52');
INSERT IGNORE INTO `annp_final`.`result` (`resultid`, `eventid`, `license`, `state`, `points`, `swimtime`) VALUES ('11761', '1118', '107038', '', '806', '00:05:22.62');
INSERT IGNORE INTO `annp_final`.`result` (`resultid`, `eventid`, `license`, `state`, `points`, `swimtime`) VALUES ('11762', '2190', '107038', '', '730', '00:02:50.62');
INSERT IGNORE INTO `annp_final`.`result` (`resultid`, `eventid`, `license`, `state`, `points`, `swimtime`) VALUES ('11763', '10412', '107038', '', '', '00:00:00.00');
INSERT IGNORE INTO `annp_final`.`result` (`resultid`, `eventid`, `license`, `state`, `points`, `swimtime`) VALUES ('12151', '9605', '131965', '', '294', '00:01:39.11');
INSERT IGNORE INTO `annp_final`.`result` (`resultid`, `eventid`, `license`, `state`, `points`, `swimtime`) VALUES ('12152', '9711', '131965', '', '345', '00:01:22.34');
INSERT IGNORE INTO `annp_final`.`result` (`resultid`, `eventid`, `license`, `state`, `points`, `swimtime`) VALUES ('12153', '1144', '131965', '', '335', '00:03:04.34');
INSERT IGNORE INTO `annp_final`.`result` (`resultid`, `eventid`, `license`, `state`, `points`, `swimtime`) VALUES ('12147', '10364', '214457', '', '147', '00:00:54.64');
INSERT IGNORE INTO `annp_final`.`result` (`resultid`, `eventid`, `license`, `state`, `points`, `swimtime`) VALUES ('12148', '9737', '214457', '', '167', '00:01:33.31');
INSERT IGNORE INTO `annp_final`.`result` (`resultid`, `eventid`, `license`, `state`, `points`, `swimtime`) VALUES ('12149', '9685', '214457', '', '195', '00:00:39.66');
INSERT IGNORE INTO `annp_final`.`result` (`resultid`, `eventid`, `license`, `state`, `points`, `swimtime`) VALUES ('12143', '9659', '212345', '', '219', '00:00:46.93');
INSERT IGNORE INTO `annp_final`.`result` (`resultid`, `eventid`, `license`, `state`, `points`, `swimtime`) VALUES ('12144', '10350', '212345', '', '399', '00:00:48.61');
INSERT IGNORE INTO `annp_final`.`result` (`resultid`, `eventid`, `license`, `state`, `points`, `swimtime`) VALUES ('12145', '9763', '212345', '', '352', '00:01:49.15');
INSERT IGNORE INTO `annp_final`.`result` (`resultid`, `eventid`, `license`, `state`, `points`, `swimtime`) VALUES ('12140', '2177', '105039', '', '699', '00:01:00.75');
INSERT IGNORE INTO `annp_final`.`result` (`resultid`, `eventid`, `license`, `state`, `points`, `swimtime`) VALUES ('12141', '2203', '105039', '', '587', '00:02:45.27');
INSERT IGNORE INTO `annp_final`.`result` (`resultid`, `eventid`, `license`, `state`, `points`, `swimtime`) VALUES ('12159', '10350', '109962', '', '502', '00:00:45.04');
INSERT IGNORE INTO `annp_final`.`result` (`resultid`, `eventid`, `license`, `state`, `points`, `swimtime`) VALUES ('12160', '9711', '109962', '', '291', '00:01:31.89');
INSERT IGNORE INTO `annp_final`.`result` (`resultid`, `eventid`, `license`, `state`, `points`, `swimtime`) VALUES ('12161', '2190', '109962', '', '494', '00:03:32.74');
INSERT IGNORE INTO `annp_final`.`result` (`resultid`, `eventid`, `license`, `state`, `points`, `swimtime`) VALUES ('12155', '9685', '210469', '', '320', '00:00:33.61');
INSERT IGNORE INTO `annp_final`.`result` (`resultid`, `eventid`, `license`, `state`, `points`, `swimtime`) VALUES ('12156', '10364', '210469', '', '223', '00:00:47.56');
INSERT IGNORE INTO `annp_final`.`result` (`resultid`, `eventid`, `license`, `state`, `points`, `swimtime`) VALUES ('12157', '10426', '210469', '', '253', '00:00:39.29');
INSERT IGNORE INTO `annp_final`.`result` (`resultid`, `eventid`, `license`, `state`, `points`, `swimtime`) VALUES ('12547', '1144', '123246', '', '250', '00:03:25.26');
INSERT IGNORE INTO `annp_final`.`result` (`resultid`, `eventid`, `license`, `state`, `points`, `swimtime`) VALUES ('12548', '9763', '123246', '', '287', '00:01:54.68');
INSERT IGNORE INTO `annp_final`.`result` (`resultid`, `eventid`, `license`, `state`, `points`, `swimtime`) VALUES ('12556', '10399', '213521', '', '', '00:00:00.00');
INSERT IGNORE INTO `annp_final`.`result` (`resultid`, `eventid`, `license`, `state`, `points`, `swimtime`) VALUES ('12557', '9789', '213521', '', '', '00:00:00.00');
INSERT IGNORE INTO `annp_final`.`result` (`resultid`, `eventid`, `license`, `state`, `points`, `swimtime`) VALUES ('12539', '9737', '213521', '', '197', '00:01:34.01');
INSERT IGNORE INTO `annp_final`.`result` (`resultid`, `eventid`, `license`, `state`, `points`, `swimtime`) VALUES ('12540', '10399', '213521', '', '176', '00:00:52.17');
INSERT IGNORE INTO `annp_final`.`result` (`resultid`, `eventid`, `license`, `state`, `points`, `swimtime`) VALUES ('12541', '10426', '213521', '', '146', '00:00:51.94');
INSERT IGNORE INTO `annp_final`.`result` (`resultid`, `eventid`, `license`, `state`, `points`, `swimtime`) VALUES ('12553', '1157', '128894', '', '415', '00:02:49.84');
INSERT IGNORE INTO `annp_final`.`result` (`resultid`, `eventid`, `license`, `state`, `points`, `swimtime`) VALUES ('12554', '10399', '128894', '', '254', '00:00:46.33');
INSERT IGNORE INTO `annp_final`.`result` (`resultid`, `eventid`, `license`, `state`, `points`, `swimtime`) VALUES ('12543', '9737', '120704', '', '297', '00:01:26.97');
INSERT IGNORE INTO `annp_final`.`result` (`resultid`, `eventid`, `license`, `state`, `points`, `swimtime`) VALUES ('12544', '10399', '120704', '', '186', '00:00:51.34');
INSERT IGNORE INTO `annp_final`.`result` (`resultid`, `eventid`, `license`, `state`, `points`, `swimtime`) VALUES ('12545', '2203', '120704', '', '358', '00:03:48.03');
INSERT IGNORE INTO `annp_final`.`result` (`resultid`, `eventid`, `license`, `state`, `points`, `swimtime`) VALUES ('12550', '9711', '214221', '', '222', '00:01:40.50');
INSERT IGNORE INTO `annp_final`.`result` (`resultid`, `eventid`, `license`, `state`, `points`, `swimtime`) VALUES ('12551', '10386', '214221', '', '179', '00:00:55.46');
INSERT IGNORE INTO `annp_final`.`result` (`resultid`, `eventid`, `license`, `state`, `points`, `swimtime`) VALUES ('12385', '9685', '207728', '', '391', '00:00:32.64');
INSERT IGNORE INTO `annp_final`.`result` (`resultid`, `eventid`, `license`, `state`, `points`, `swimtime`) VALUES ('12386', '10364', '207728', '', '333', '00:00:43.69');
INSERT IGNORE INTO `annp_final`.`result` (`resultid`, `eventid`, `license`, `state`, `points`, `swimtime`) VALUES ('12387', '10426', '207728', '', '282', '00:00:39.16');
INSERT IGNORE INTO `annp_final`.`result` (`resultid`, `eventid`, `license`, `state`, `points`, `swimtime`) VALUES ('12404', '9659', '41243606', '', '280', '00:00:43.23');
INSERT IGNORE INTO `annp_final`.`result` (`resultid`, `eventid`, `license`, `state`, `points`, `swimtime`) VALUES ('12405', '10350', '41243606', '', '99', '00:01:17.31');
INSERT IGNORE INTO `annp_final`.`result` (`resultid`, `eventid`, `license`, `state`, `points`, `swimtime`) VALUES ('12373', '9685', '213595', '', '284', '00:00:36.31');
INSERT IGNORE INTO `annp_final`.`result` (`resultid`, `eventid`, `license`, `state`, `points`, `swimtime`) VALUES ('12374', '9737', '213595', '', '256', '00:01:23.32');
INSERT IGNORE INTO `annp_final`.`result` (`resultid`, `eventid`, `license`, `state`, `points`, `swimtime`) VALUES ('12375', '10426', '213595', '', '243', '00:00:41.10');
INSERT IGNORE INTO `annp_final`.`result` (`resultid`, `eventid`, `license`, `state`, `points`, `swimtime`) VALUES ('12392', '9685', '215272', '', '', '00:00:00.00');
INSERT IGNORE INTO `annp_final`.`result` (`resultid`, `eventid`, `license`, `state`, `points`, `swimtime`) VALUES ('12393', '10364', '215272', '', '', '00:00:00.00');
INSERT IGNORE INTO `annp_final`.`result` (`resultid`, `eventid`, `license`, `state`, `points`, `swimtime`) VALUES ('12381', '9659', '215209', '', '200', '00:00:43.24');
INSERT IGNORE INTO `annp_final`.`result` (`resultid`, `eventid`, `license`, `state`, `points`, `swimtime`) VALUES ('12382', '9711', '215209', '', '181', '00:01:39.07');
INSERT IGNORE INTO `annp_final`.`result` (`resultid`, `eventid`, `license`, `state`, `points`, `swimtime`) VALUES ('12383', '10350', '215209', '', '123', '00:01:03.52');
INSERT IGNORE INTO `annp_final`.`result` (`resultid`, `eventid`, `license`, `state`, `points`, `swimtime`) VALUES ('12407', '10350', '26158', '', '306', '00:00:53.11');
INSERT IGNORE INTO `annp_final`.`result` (`resultid`, `eventid`, `license`, `state`, `points`, `swimtime`) VALUES ('12408', '9711', '26158', '', '213', '00:01:42.00');
INSERT IGNORE INTO `annp_final`.`result` (`resultid`, `eventid`, `license`, `state`, `points`, `swimtime`) VALUES ('12409', '9763', '26158', '', '308', '00:01:54.13');
INSERT IGNORE INTO `annp_final`.`result` (`resultid`, `eventid`, `license`, `state`, `points`, `swimtime`) VALUES ('12401', '9685', '127982', '', '', '00:00:00.00');
INSERT IGNORE INTO `annp_final`.`result` (`resultid`, `eventid`, `license`, `state`, `points`, `swimtime`) VALUES ('12402', '1157', '127982', '', '', '00:00:00.00');
INSERT IGNORE INTO `annp_final`.`result` (`resultid`, `eventid`, `license`, `state`, `points`, `swimtime`) VALUES ('12398', '9685', '209692', '', '182', '00:00:45.91');
INSERT IGNORE INTO `annp_final`.`result` (`resultid`, `eventid`, `license`, `state`, `points`, `swimtime`) VALUES ('12399', '9737', '209692', '', '149', '00:01:49.23');
INSERT IGNORE INTO `annp_final`.`result` (`resultid`, `eventid`, `license`, `state`, `points`, `swimtime`) VALUES ('12389', '2124', '14684', '', '257', '00:03:26.75');
INSERT IGNORE INTO `annp_final`.`result` (`resultid`, `eventid`, `license`, `state`, `points`, `swimtime`) VALUES ('12390', '9789', '14684', '', '280', '00:01:40.95');
INSERT IGNORE INTO `annp_final`.`result` (`resultid`, `eventid`, `license`, `state`, `points`, `swimtime`) VALUES ('12395', '9605', '215210', '', '', '00:00:00.00');
INSERT IGNORE INTO `annp_final`.`result` (`resultid`, `eventid`, `license`, `state`, `points`, `swimtime`) VALUES ('12396', '9659', '215210', '', '217', '00:00:43.56');
INSERT IGNORE INTO `annp_final`.`result` (`resultid`, `eventid`, `license`, `state`, `points`, `swimtime`) VALUES ('12377', '9685', '204174', '', '', '00:00:00.00');
INSERT IGNORE INTO `annp_final`.`result` (`resultid`, `eventid`, `license`, `state`, `points`, `swimtime`) VALUES ('12378', '10364', '204174', '', '', '00:00:00.00');
INSERT IGNORE INTO `annp_final`.`result` (`resultid`, `eventid`, `license`, `state`, `points`, `swimtime`) VALUES ('12379', '1157', '204174', '', '', '00:00:00.00');
INSERT IGNORE INTO `annp_final`.`result` (`resultid`, `eventid`, `license`, `state`, `points`, `swimtime`) VALUES ('11898', '4128', '25645', '', '904', '00:20:15.15');
INSERT IGNORE INTO `annp_final`.`result` (`resultid`, `eventid`, `license`, `state`, `points`, `swimtime`) VALUES ('11899', '2124', '25645', '', '833', '00:02:46.86');
INSERT IGNORE INTO `annp_final`.`result` (`resultid`, `eventid`, `license`, `state`, `points`, `swimtime`) VALUES ('12700', '10336', '25645', '', '967', '00:02:41.51');
INSERT IGNORE INTO `annp_final`.`result` (`resultid`, `eventid`, `license`, `state`, `points`, `swimtime`) VALUES ('11892', '4128', '204884', '', '', '00:00:00.00');
INSERT IGNORE INTO `annp_final`.`result` (`resultid`, `eventid`, `license`, `state`, `points`, `swimtime`) VALUES ('11893', '9685', '204884', '', '', '00:00:00.00');
INSERT IGNORE INTO `annp_final`.`result` (`resultid`, `eventid`, `license`, `state`, `points`, `swimtime`) VALUES ('11895', '4102', '17549', '', '', '00:00:00.00');
INSERT IGNORE INTO `annp_final`.`result` (`resultid`, `eventid`, `license`, `state`, `points`, `swimtime`) VALUES ('11896', '10350', '17549', '', '436', '00:00:49.50');
INSERT IGNORE INTO `annp_final`.`result` (`resultid`, `eventid`, `license`, `state`, `points`, `swimtime`) VALUES ('12357', '1157', '41243584', '', '164', '00:03:26.43');
INSERT IGNORE INTO `annp_final`.`result` (`resultid`, `eventid`, `license`, `state`, `points`, `swimtime`) VALUES ('12369', '9685', '109284', '', '499', '00:00:28.78');
INSERT IGNORE INTO `annp_final`.`result` (`resultid`, `eventid`, `license`, `state`, `points`, `swimtime`) VALUES ('12370', '9737', '109284', '', '434', '00:01:04.14');
INSERT IGNORE INTO `annp_final`.`result` (`resultid`, `eventid`, `license`, `state`, `points`, `swimtime`) VALUES ('12359', '9685', '111411', '', '382', '00:00:31.47');
INSERT IGNORE INTO `annp_final`.`result` (`resultid`, `eventid`, `license`, `state`, `points`, `swimtime`) VALUES ('12360', '10399', '111411', '', '344', '00:00:35.72');
INSERT IGNORE INTO `annp_final`.`result` (`resultid`, `eventid`, `license`, `state`, `points`, `swimtime`) VALUES ('12361', '10426', '111411', '', '378', '00:00:32.75');
INSERT IGNORE INTO `annp_final`.`result` (`resultid`, `eventid`, `license`, `state`, `points`, `swimtime`) VALUES ('12355', '1157', '41243587', '', '85', '00:04:12.81');
INSERT IGNORE INTO `annp_final`.`result` (`resultid`, `eventid`, `license`, `state`, `points`, `swimtime`) VALUES ('12363', '9685', '129087', '', '317', '00:00:38.15');
INSERT IGNORE INTO `annp_final`.`result` (`resultid`, `eventid`, `license`, `state`, `points`, `swimtime`) VALUES ('12364', '10364', '129087', '', '262', '00:00:47.61');
INSERT IGNORE INTO `annp_final`.`result` (`resultid`, `eventid`, `license`, `state`, `points`, `swimtime`) VALUES ('12365', '9737', '129087', '', '274', '00:01:29.27');
INSERT IGNORE INTO `annp_final`.`result` (`resultid`, `eventid`, `license`, `state`, `points`, `swimtime`) VALUES ('12367', '1157', '214250', '', '346', '00:02:55.88');
INSERT IGNORE INTO `annp_final`.`result` (`resultid`, `eventid`, `license`, `state`, `points`, `swimtime`) VALUES ('12352', '10364', '24291', '', '551', '00:00:34.46');
INSERT IGNORE INTO `annp_final`.`result` (`resultid`, `eventid`, `license`, `state`, `points`, `swimtime`) VALUES ('12353', '9789', '24291', '', '641', '00:01:11.94');
INSERT IGNORE INTO `annp_final`.`result` (`resultid`, `eventid`, `license`, `state`, `points`, `swimtime`) VALUES ('12190', '9659', '15208', '', '547', '00:00:31.96');
INSERT IGNORE INTO `annp_final`.`result` (`resultid`, `eventid`, `license`, `state`, `points`, `swimtime`) VALUES ('12192', '1118', '15206', '', '348', '00:07:04.40');
INSERT IGNORE INTO `annp_final`.`result` (`resultid`, `eventid`, `license`, `state`, `points`, `swimtime`) VALUES ('12180', '9685', '205247', '', '', '00:00:00.00');
INSERT IGNORE INTO `annp_final`.`result` (`resultid`, `eventid`, `license`, `state`, `points`, `swimtime`) VALUES ('12181', '10364', '205247', '', '', '00:00:00.00');
INSERT IGNORE INTO `annp_final`.`result` (`resultid`, `eventid`, `license`, `state`, `points`, `swimtime`) VALUES ('12170', '9685', '207922', '', '306', '00:00:38.62');
INSERT IGNORE INTO `annp_final`.`result` (`resultid`, `eventid`, `license`, `state`, `points`, `swimtime`) VALUES ('12171', '10364', '207922', '', '348', '00:00:43.33');
INSERT IGNORE INTO `annp_final`.`result` (`resultid`, `eventid`, `license`, `state`, `points`, `swimtime`) VALUES ('12172', '9789', '207922', '', '336', '00:01:37.92');
INSERT IGNORE INTO `annp_final`.`result` (`resultid`, `eventid`, `license`, `state`, `points`, `swimtime`) VALUES ('12177', '2164', '104504', '', '299', '00:01:38.74');
INSERT IGNORE INTO `annp_final`.`result` (`resultid`, `eventid`, `license`, `state`, `points`, `swimtime`) VALUES ('12178', '9763', '104504', '', '433', '00:01:42.81');
INSERT IGNORE INTO `annp_final`.`result` (`resultid`, `eventid`, `license`, `state`, `points`, `swimtime`) VALUES ('12183', '9685', '131837', '', '260', '00:00:37.39');
INSERT IGNORE INTO `annp_final`.`result` (`resultid`, `eventid`, `license`, `state`, `points`, `swimtime`) VALUES ('12188', '9659', '15205', '', '452', '00:00:34.04');
INSERT IGNORE INTO `annp_final`.`result` (`resultid`, `eventid`, `license`, `state`, `points`, `swimtime`) VALUES ('12194', '9659', '117386', '', '167', '00:00:56.20');
INSERT IGNORE INTO `annp_final`.`result` (`resultid`, `eventid`, `license`, `state`, `points`, `swimtime`) VALUES ('12195', '10386', '117386', '', '171', '00:01:05.35');
INSERT IGNORE INTO `annp_final`.`result` (`resultid`, `eventid`, `license`, `state`, `points`, `swimtime`) VALUES ('12174', '9659', '22405', '', '534', '00:00:31.16');
INSERT IGNORE INTO `annp_final`.`result` (`resultid`, `eventid`, `license`, `state`, `points`, `swimtime`) VALUES ('12175', '10350', '22405', '', '563', '00:00:38.24');
INSERT IGNORE INTO `annp_final`.`result` (`resultid`, `eventid`, `license`, `state`, `points`, `swimtime`) VALUES ('12200', '9685', '207923', '', '', '00:00:00.00');
INSERT IGNORE INTO `annp_final`.`result` (`resultid`, `eventid`, `license`, `state`, `points`, `swimtime`) VALUES ('12201', '9737', '207923', '', '', '00:00:00.00');
INSERT IGNORE INTO `annp_final`.`result` (`resultid`, `eventid`, `license`, `state`, `points`, `swimtime`) VALUES ('12185', '2177', '131311', '', '258', '00:01:22.57');
INSERT IGNORE INTO `annp_final`.`result` (`resultid`, `eventid`, `license`, `state`, `points`, `swimtime`) VALUES ('12186', '1157', '131311', '', '368', '00:02:28.60');
INSERT IGNORE INTO `annp_final`.`result` (`resultid`, `eventid`, `license`, `state`, `points`, `swimtime`) VALUES ('12203', '2124', '117424', '', '', '00:00:00.00');
INSERT IGNORE INTO `annp_final`.`result` (`resultid`, `eventid`, `license`, `state`, `points`, `swimtime`) VALUES ('12197', '9659', '117387', '', '141', '00:00:55.18');
INSERT IGNORE INTO `annp_final`.`result` (`resultid`, `eventid`, `license`, `state`, `points`, `swimtime`) VALUES ('12198', '9711', '117387', '', '128', '00:02:04.26');
INSERT IGNORE INTO `annp_final`.`result` (`resultid`, `eventid`, `license`, `state`, `points`, `swimtime`) VALUES ('12432', '10336', '15910', '', '298', '00:03:05.67');
INSERT IGNORE INTO `annp_final`.`result` (`resultid`, `eventid`, `license`, `state`, `points`, `swimtime`) VALUES ('12433', '1131', '15910', '', '399', '00:06:02.51');
INSERT IGNORE INTO `annp_final`.`result` (`resultid`, `eventid`, `license`, `state`, `points`, `swimtime`) VALUES ('12699', '9789', '15910', '', '520', '00:01:16.25');
INSERT IGNORE INTO `annp_final`.`result` (`resultid`, `eventid`, `license`, `state`, `points`, `swimtime`) VALUES ('12450', '9632', '208104', '', '213', '00:01:36.31');
INSERT IGNORE INTO `annp_final`.`result` (`resultid`, `eventid`, `license`, `state`, `points`, `swimtime`) VALUES ('12451', '9737', '208104', '', '259', '00:01:16.90');
INSERT IGNORE INTO `annp_final`.`result` (`resultid`, `eventid`, `license`, `state`, `points`, `swimtime`) VALUES ('12452', '10426', '208104', '', '', '00:00:00.00');
INSERT IGNORE INTO `annp_final`.`result` (`resultid`, `eventid`, `license`, `state`, `points`, `swimtime`) VALUES ('12420', '9685', '207687', '', '', '00:00:00.00');
INSERT IGNORE INTO `annp_final`.`result` (`resultid`, `eventid`, `license`, `state`, `points`, `swimtime`) VALUES ('12421', '10364', '207687', '', '', '00:00:00.00');
INSERT IGNORE INTO `annp_final`.`result` (`resultid`, `eventid`, `license`, `state`, `points`, `swimtime`) VALUES ('12426', '10364', '207403', '', '', '00:00:00.00');
INSERT IGNORE INTO `annp_final`.`result` (`resultid`, `eventid`, `license`, `state`, `points`, `swimtime`) VALUES ('12440', '2177', '203931', '', '208', '00:01:33.04');
INSERT IGNORE INTO `annp_final`.`result` (`resultid`, `eventid`, `license`, `state`, `points`, `swimtime`) VALUES ('12441', '10364', '203931', '', '191', '00:00:50.10');
INSERT IGNORE INTO `annp_final`.`result` (`resultid`, `eventid`, `license`, `state`, `points`, `swimtime`) VALUES ('12442', '1157', '203931', '', '231', '00:03:01.65');
INSERT IGNORE INTO `annp_final`.`result` (`resultid`, `eventid`, `license`, `state`, `points`, `swimtime`) VALUES ('12447', '9737', '212657', '', '138', '00:01:39.13');
INSERT IGNORE INTO `annp_final`.`result` (`resultid`, `eventid`, `license`, `state`, `points`, `swimtime`) VALUES ('12448', '9789', '212657', '', '170', '00:01:54.59');
INSERT IGNORE INTO `annp_final`.`result` (`resultid`, `eventid`, `license`, `state`, `points`, `swimtime`) VALUES ('12437', '9737', '201104', '', '153', '00:01:38.83');
INSERT IGNORE INTO `annp_final`.`result` (`resultid`, `eventid`, `license`, `state`, `points`, `swimtime`) VALUES ('12438', '9789', '201104', '', '135', '00:02:08.74');
INSERT IGNORE INTO `annp_final`.`result` (`resultid`, `eventid`, `license`, `state`, `points`, `swimtime`) VALUES ('12423', '9711', '108673', '', '434', '00:01:14.07');
INSERT IGNORE INTO `annp_final`.`result` (`resultid`, `eventid`, `license`, `state`, `points`, `swimtime`) VALUES ('12424', '2190', '108673', '', '429', '00:03:23.65');
INSERT IGNORE INTO `annp_final`.`result` (`resultid`, `eventid`, `license`, `state`, `points`, `swimtime`) VALUES ('12444', '9737', '207402', '', '210', '00:01:32.07');
INSERT IGNORE INTO `annp_final`.`result` (`resultid`, `eventid`, `license`, `state`, `points`, `swimtime`) VALUES ('12445', '9789', '207402', '', '261', '00:01:48.73');
INSERT IGNORE INTO `annp_final`.`result` (`resultid`, `eventid`, `license`, `state`, `points`, `swimtime`) VALUES ('12428', '9711', '102081', '', '366', '00:01:18.45');
INSERT IGNORE INTO `annp_final`.`result` (`resultid`, `eventid`, `license`, `state`, `points`, `swimtime`) VALUES ('12429', '2190', '102081', '', '375', '00:03:33.02');
INSERT IGNORE INTO `annp_final`.`result` (`resultid`, `eventid`, `license`, `state`, `points`, `swimtime`) VALUES ('12628', '2111', '153145', '', '252', '00:03:56.33');
INSERT IGNORE INTO `annp_final`.`result` (`resultid`, `eventid`, `license`, `state`, `points`, `swimtime`) VALUES ('12629', '10386', '153145', '', '189', '00:00:53.18');
INSERT IGNORE INTO `annp_final`.`result` (`resultid`, `eventid`, `license`, `state`, `points`, `swimtime`) VALUES ('12630', '1144', '153145', '', '261', '00:03:22.30');
INSERT IGNORE INTO `annp_final`.`result` (`resultid`, `eventid`, `license`, `state`, `points`, `swimtime`) VALUES ('12636', '10364', '126945', '', '505', '00:00:38.02');
INSERT IGNORE INTO `annp_final`.`result` (`resultid`, `eventid`, `license`, `state`, `points`, `swimtime`) VALUES ('12637', '10426', '126945', '', '488', '00:00:32.60');
INSERT IGNORE INTO `annp_final`.`result` (`resultid`, `eventid`, `license`, `state`, `points`, `swimtime`) VALUES ('12638', '9632', '201740', '', '198', '00:01:51.03');
INSERT IGNORE INTO `annp_final`.`result` (`resultid`, `eventid`, `license`, `state`, `points`, `swimtime`) VALUES ('12639', '1157', '201740', '', '171', '00:03:47.89');
INSERT IGNORE INTO `annp_final`.`result` (`resultid`, `eventid`, `license`, `state`, `points`, `swimtime`) VALUES ('12640', '10364', '201740', '', '317', '00:00:44.69');
INSERT IGNORE INTO `annp_final`.`result` (`resultid`, `eventid`, `license`, `state`, `points`, `swimtime`) VALUES ('12631', '9605', '15415', '', '595', '00:01:15.79');
INSERT IGNORE INTO `annp_final`.`result` (`resultid`, `eventid`, `license`, `state`, `points`, `swimtime`) VALUES ('12632', '1144', '15415', '', '625', '00:02:26.22');
INSERT IGNORE INTO `annp_final`.`result` (`resultid`, `eventid`, `license`, `state`, `points`, `swimtime`) VALUES ('12633', '9685', '204873', '', '165', '00:00:47.41');
INSERT IGNORE INTO `annp_final`.`result` (`resultid`, `eventid`, `license`, `state`, `points`, `swimtime`) VALUES ('12634', '10364', '204873', '', '77', '00:01:11.68');
INSERT IGNORE INTO `annp_final`.`result` (`resultid`, `eventid`, `license`, `state`, `points`, `swimtime`) VALUES ('12635', '9737', '204873', '', '129', '00:01:54.62');
INSERT IGNORE INTO `annp_final`.`result` (`resultid`, `eventid`, `license`, `state`, `points`, `swimtime`) VALUES ('11805', '10350', '103996', '', '405', '00:00:42.67');
INSERT IGNORE INTO `annp_final`.`result` (`resultid`, `eventid`, `license`, `state`, `points`, `swimtime`) VALUES ('11806', '9763', '103996', '', '411', '00:01:34.97');
INSERT IGNORE INTO `annp_final`.`result` (`resultid`, `eventid`, `license`, `state`, `points`, `swimtime`) VALUES ('11789', '9632', '107614', '', '416', '00:01:13.69');
INSERT IGNORE INTO `annp_final`.`result` (`resultid`, `eventid`, `license`, `state`, `points`, `swimtime`) VALUES ('11827', '9685', '214138', '', '238', '00:00:37.44');
INSERT IGNORE INTO `annp_final`.`result` (`resultid`, `eventid`, `license`, `state`, `points`, `swimtime`) VALUES ('11828', '10364', '214138', '', '246', '00:00:46.35');
INSERT IGNORE INTO `annp_final`.`result` (`resultid`, `eventid`, `license`, `state`, `points`, `swimtime`) VALUES ('11829', '9789', '214138', '', '220', '00:01:45.26');
INSERT IGNORE INTO `annp_final`.`result` (`resultid`, `eventid`, `license`, `state`, `points`, `swimtime`) VALUES ('11798', '10350', '102795', '', '592', '00:00:37.62');
INSERT IGNORE INTO `annp_final`.`result` (`resultid`, `eventid`, `license`, `state`, `points`, `swimtime`) VALUES ('11799', '9763', '102795', '', '603', '00:01:23.62');
INSERT IGNORE INTO `annp_final`.`result` (`resultid`, `eventid`, `license`, `state`, `points`, `swimtime`) VALUES ('11831', '9685', '120744', '', '458', '00:00:30.96');
INSERT IGNORE INTO `annp_final`.`result` (`resultid`, `eventid`, `license`, `state`, `points`, `swimtime`) VALUES ('11832', '10364', '120744', '', '285', '00:00:46.02');
INSERT IGNORE INTO `annp_final`.`result` (`resultid`, `eventid`, `license`, `state`, `points`, `swimtime`) VALUES ('11791', '2177', '109592', '', '616', '00:01:03.37');
INSERT IGNORE INTO `annp_final`.`result` (`resultid`, `eventid`, `license`, `state`, `points`, `swimtime`) VALUES ('11792', '10364', '109592', '', '697', '00:00:31.87');
INSERT IGNORE INTO `annp_final`.`result` (`resultid`, `eventid`, `license`, `state`, `points`, `swimtime`) VALUES ('11793', '9789', '109592', '', '607', '00:01:13.24');
INSERT IGNORE INTO `annp_final`.`result` (`resultid`, `eventid`, `license`, `state`, `points`, `swimtime`) VALUES ('11795', '9685', '41243016', '', '214', '00:00:39.88');
INSERT IGNORE INTO `annp_final`.`result` (`resultid`, `eventid`, `license`, `state`, `points`, `swimtime`) VALUES ('11796', '9737', '41243016', '', '185', '00:01:32.87');
INSERT IGNORE INTO `annp_final`.`result` (`resultid`, `eventid`, `license`, `state`, `points`, `swimtime`) VALUES ('11834', '10364', '202205', '', '350', '00:00:43.63');
INSERT IGNORE INTO `annp_final`.`result` (`resultid`, `eventid`, `license`, `state`, `points`, `swimtime`) VALUES ('11835', '2203', '202205', '', '392', '00:03:31.30');
INSERT IGNORE INTO `annp_final`.`result` (`resultid`, `eventid`, `license`, `state`, `points`, `swimtime`) VALUES ('11801', '9659', '207732', '', '156', '00:00:53.30');
INSERT IGNORE INTO `annp_final`.`result` (`resultid`, `eventid`, `license`, `state`, `points`, `swimtime`) VALUES ('11802', '10350', '207732', '', '312', '00:00:55.33');
INSERT IGNORE INTO `annp_final`.`result` (`resultid`, `eventid`, `license`, `state`, `points`, `swimtime`) VALUES ('11803', '9763', '207732', '', '271', '00:02:08.46');
INSERT IGNORE INTO `annp_final`.`result` (`resultid`, `eventid`, `license`, `state`, `points`, `swimtime`) VALUES ('11786', '9605', '204136', '', '189', '00:02:21.14');
INSERT IGNORE INTO `annp_final`.`result` (`resultid`, `eventid`, `license`, `state`, `points`, `swimtime`) VALUES ('11787', '10350', '204136', '', '155', '00:01:10.85');
INSERT IGNORE INTO `annp_final`.`result` (`resultid`, `eventid`, `license`, `state`, `points`, `swimtime`) VALUES ('11818', '9685', '213336', '', '307', '00:00:36.62');
INSERT IGNORE INTO `annp_final`.`result` (`resultid`, `eventid`, `license`, `state`, `points`, `swimtime`) VALUES ('11808', '9685', '106811', '', '330', '00:00:37.65');
INSERT IGNORE INTO `annp_final`.`result` (`resultid`, `eventid`, `license`, `state`, `points`, `swimtime`) VALUES ('11809', '10364', '106811', '', '341', '00:00:43.64');
INSERT IGNORE INTO `annp_final`.`result` (`resultid`, `eventid`, `license`, `state`, `points`, `swimtime`) VALUES ('11810', '9789', '106811', '', '310', '00:01:40.62');
INSERT IGNORE INTO `annp_final`.`result` (`resultid`, `eventid`, `license`, `state`, `points`, `swimtime`) VALUES ('11837', '9685', '106814', '', '236', '00:00:39.98');
INSERT IGNORE INTO `annp_final`.`result` (`resultid`, `eventid`, `license`, `state`, `points`, `swimtime`) VALUES ('11838', '10364', '106814', '', '249', '00:00:48.84');
INSERT IGNORE INTO `annp_final`.`result` (`resultid`, `eventid`, `license`, `state`, `points`, `swimtime`) VALUES ('11840', '9685', '204631', '', '317', '00:00:36.25');
INSERT IGNORE INTO `annp_final`.`result` (`resultid`, `eventid`, `license`, `state`, `points`, `swimtime`) VALUES ('11841', '10364', '204631', '', '352', '00:00:43.56');
INSERT IGNORE INTO `annp_final`.`result` (`resultid`, `eventid`, `license`, `state`, `points`, `swimtime`) VALUES ('11842', '9737', '204631', '', '267', '00:01:24.94');
INSERT IGNORE INTO `annp_final`.`result` (`resultid`, `eventid`, `license`, `state`, `points`, `swimtime`) VALUES ('11816', '9605', '13596', '', '391', '00:01:27.17');
INSERT IGNORE INTO `annp_final`.`result` (`resultid`, `eventid`, `license`, `state`, `points`, `swimtime`) VALUES ('11812', '9685', '211173', '', '357', '00:00:33.64');
INSERT IGNORE INTO `annp_final`.`result` (`resultid`, `eventid`, `license`, `state`, `points`, `swimtime`) VALUES ('11813', '9789', '211173', '', '332', '00:01:35.31');
INSERT IGNORE INTO `annp_final`.`result` (`resultid`, `eventid`, `license`, `state`, `points`, `swimtime`) VALUES ('11814', '10426', '211173', '', '288', '00:00:38.87');
INSERT IGNORE INTO `annp_final`.`result` (`resultid`, `eventid`, `license`, `state`, `points`, `swimtime`) VALUES ('11820', '9605', '211175', '', '306', '00:01:40.83');
INSERT IGNORE INTO `annp_final`.`result` (`resultid`, `eventid`, `license`, `state`, `points`, `swimtime`) VALUES ('11821', '9763', '211175', '', '388', '00:01:43.69');
INSERT IGNORE INTO `annp_final`.`result` (`resultid`, `eventid`, `license`, `state`, `points`, `swimtime`) VALUES ('11823', '9685', '207623', '', '212', '00:00:41.42');
INSERT IGNORE INTO `annp_final`.`result` (`resultid`, `eventid`, `license`, `state`, `points`, `swimtime`) VALUES ('11824', '10364', '207623', '', '251', '00:00:48.71');
INSERT IGNORE INTO `annp_final`.`result` (`resultid`, `eventid`, `license`, `state`, `points`, `swimtime`) VALUES ('11825', '9789', '207623', '', '265', '00:01:48.18');
INSERT IGNORE INTO `annp_final`.`result` (`resultid`, `eventid`, `license`, `state`, `points`, `swimtime`) VALUES ('11778', '10364', '108505', '', '594', '00:00:33.61');
INSERT IGNORE INTO `annp_final`.`result` (`resultid`, `eventid`, `license`, `state`, `points`, `swimtime`) VALUES ('11779', '9737', '108505', '', '552', '00:00:59.21');
INSERT IGNORE INTO `annp_final`.`result` (`resultid`, `eventid`, `license`, `state`, `points`, `swimtime`) VALUES ('11780', '10426', '108505', '', '551', '00:00:28.90');
INSERT IGNORE INTO `annp_final`.`result` (`resultid`, `eventid`, `license`, `state`, `points`, `swimtime`) VALUES ('12280', '4128', '121593', '', '401', '00:22:19.55');
INSERT IGNORE INTO `annp_final`.`result` (`resultid`, `eventid`, `license`, `state`, `points`, `swimtime`) VALUES ('12282', '1157', '121593', '', '400', '00:02:35.65');
INSERT IGNORE INTO `annp_final`.`result` (`resultid`, `eventid`, `license`, `state`, `points`, `swimtime`) VALUES ('12283', '10426', '121593', '', '285', '00:00:39.00');
INSERT IGNORE INTO `annp_final`.`result` (`resultid`, `eventid`, `license`, `state`, `points`, `swimtime`) VALUES ('12304', '1157', '130750', '', '379', '00:02:38.42');
INSERT IGNORE INTO `annp_final`.`result` (`resultid`, `eventid`, `license`, `state`, `points`, `swimtime`) VALUES ('12305', '2203', '130750', '', '454', '00:03:11.98');
INSERT IGNORE INTO `annp_final`.`result` (`resultid`, `eventid`, `license`, `state`, `points`, `swimtime`) VALUES ('12306', '10426', '130750', '', '376', '00:00:35.56');
INSERT IGNORE INTO `annp_final`.`result` (`resultid`, `eventid`, `license`, `state`, `points`, `swimtime`) VALUES ('12264', '9605', '214120', '', '150', '00:02:06.20');
INSERT IGNORE INTO `annp_final`.`result` (`resultid`, `eventid`, `license`, `state`, `points`, `swimtime`) VALUES ('12265', '10350', '214120', '', '269', '00:00:55.42');
INSERT IGNORE INTO `annp_final`.`result` (`resultid`, `eventid`, `license`, `state`, `points`, `swimtime`) VALUES ('12266', '9763', '214120', '', '274', '00:01:58.68');
INSERT IGNORE INTO `annp_final`.`result` (`resultid`, `eventid`, `license`, `state`, `points`, `swimtime`) VALUES ('12308', '9605', '120500', '', '245', '00:02:09.50');
INSERT IGNORE INTO `annp_final`.`result` (`resultid`, `eventid`, `license`, `state`, `points`, `swimtime`) VALUES ('12309', '10386', '120500', '', '237', '00:00:58.63');
INSERT IGNORE INTO `annp_final`.`result` (`resultid`, `eventid`, `license`, `state`, `points`, `swimtime`) VALUES ('12257', '9659', '105769', '', '552', '00:00:31.91');
INSERT IGNORE INTO `annp_final`.`result` (`resultid`, `eventid`, `license`, `state`, `points`, `swimtime`) VALUES ('12258', '9711', '105769', '', '498', '00:01:12.88');
INSERT IGNORE INTO `annp_final`.`result` (`resultid`, `eventid`, `license`, `state`, `points`, `swimtime`) VALUES ('12259', '1144', '105769', '', '517', '00:02:39.60');
INSERT IGNORE INTO `annp_final`.`result` (`resultid`, `eventid`, `license`, `state`, `points`, `swimtime`) VALUES ('12272', '9685', '204930', '', '309', '00:00:35.30');
INSERT IGNORE INTO `annp_final`.`result` (`resultid`, `eventid`, `license`, `state`, `points`, `swimtime`) VALUES ('12273', '10364', '204930', '', '359', '00:00:42.60');
INSERT IGNORE INTO `annp_final`.`result` (`resultid`, `eventid`, `license`, `state`, `points`, `swimtime`) VALUES ('12274', '10426', '204930', '', '227', '00:00:42.06');
INSERT IGNORE INTO `annp_final`.`result` (`resultid`, `eventid`, `license`, `state`, `points`, `swimtime`) VALUES ('12327', '1118', '26074', '', '520', '00:06:11.19');
INSERT IGNORE INTO `annp_final`.`result` (`resultid`, `eventid`, `license`, `state`, `points`, `swimtime`) VALUES ('12328', '10412', '26074', '', '725', '00:00:31.37');
INSERT IGNORE INTO `annp_final`.`result` (`resultid`, `eventid`, `license`, `state`, `points`, `swimtime`) VALUES ('12329', '10386', '26074', '', '623', '00:00:34.91');
INSERT IGNORE INTO `annp_final`.`result` (`resultid`, `eventid`, `license`, `state`, `points`, `swimtime`) VALUES ('12253', '9685', '25159', '', '547', '00:00:27.05');
INSERT IGNORE INTO `annp_final`.`result` (`resultid`, `eventid`, `license`, `state`, `points`, `swimtime`) VALUES ('12254', '9737', '25159', '', '540', '00:01:00.22');
INSERT IGNORE INTO `annp_final`.`result` (`resultid`, `eventid`, `license`, `state`, `points`, `swimtime`) VALUES ('12255', '10426', '25159', '', '474', '00:00:29.32');
INSERT IGNORE INTO `annp_final`.`result` (`resultid`, `eventid`, `license`, `state`, `points`, `swimtime`) VALUES ('12224', '10336', '130027', '', '88', '00:05:11.52');
INSERT IGNORE INTO `annp_final`.`result` (`resultid`, `eventid`, `license`, `state`, `points`, `swimtime`) VALUES ('12225', '9789', '130027', '', '292', '00:01:44.77');
INSERT IGNORE INTO `annp_final`.`result` (`resultid`, `eventid`, `license`, `state`, `points`, `swimtime`) VALUES ('12226', '2203', '130027', '', '295', '00:03:52.24');
INSERT IGNORE INTO `annp_final`.`result` (`resultid`, `eventid`, `license`, `state`, `points`, `swimtime`) VALUES ('12235', '9685', '132355', '', '449', '00:00:31.15');
INSERT IGNORE INTO `annp_final`.`result` (`resultid`, `eventid`, `license`, `state`, `points`, `swimtime`) VALUES ('12236', '9737', '132355', '', '383', '00:01:12.87');
INSERT IGNORE INTO `annp_final`.`result` (`resultid`, `eventid`, `license`, `state`, `points`, `swimtime`) VALUES ('12237', '10426', '132355', '', '335', '00:00:36.96');
INSERT IGNORE INTO `annp_final`.`result` (`resultid`, `eventid`, `license`, `state`, `points`, `swimtime`) VALUES ('12215', '9605', '124702', '', '424', '00:01:30.34');
INSERT IGNORE INTO `annp_final`.`result` (`resultid`, `eventid`, `license`, `state`, `points`, `swimtime`) VALUES ('12216', '10412', '124702', '', '483', '00:00:38.26');
INSERT IGNORE INTO `annp_final`.`result` (`resultid`, `eventid`, `license`, `state`, `points`, `swimtime`) VALUES ('12231', '9685', '41243458', '', '415', '00:00:30.62');
INSERT IGNORE INTO `annp_final`.`result` (`resultid`, `eventid`, `license`, `state`, `points`, `swimtime`) VALUES ('12232', '10364', '41243458', '', '340', '00:00:40.48');
INSERT IGNORE INTO `annp_final`.`result` (`resultid`, `eventid`, `license`, `state`, `points`, `swimtime`) VALUES ('12233', '9789', '41243458', '', '291', '00:01:33.59');
INSERT IGNORE INTO `annp_final`.`result` (`resultid`, `eventid`, `license`, `state`, `points`, `swimtime`) VALUES ('12218', '10350', '41243459', '', '', '00:00:00.00');
INSERT IGNORE INTO `annp_final`.`result` (`resultid`, `eventid`, `license`, `state`, `points`, `swimtime`) VALUES ('12297', '9605', '200762', '', '313', '00:01:49.49');
INSERT IGNORE INTO `annp_final`.`result` (`resultid`, `eventid`, `license`, `state`, `points`, `swimtime`) VALUES ('12298', '10350', '200762', '', '419', '00:00:50.17');
INSERT IGNORE INTO `annp_final`.`result` (`resultid`, `eventid`, `license`, `state`, `points`, `swimtime`) VALUES ('12299', '1144', '200762', '', '297', '00:03:26.36');
INSERT IGNORE INTO `annp_final`.`result` (`resultid`, `eventid`, `license`, `state`, `points`, `swimtime`) VALUES ('12289', '9632', '132358', '', '', '00:00:00.00');
INSERT IGNORE INTO `annp_final`.`result` (`resultid`, `eventid`, `license`, `state`, `points`, `swimtime`) VALUES ('12290', '9737', '132358', '', '412', '00:01:17.94');
INSERT IGNORE INTO `annp_final`.`result` (`resultid`, `eventid`, `license`, `state`, `points`, `swimtime`) VALUES ('12291', '10426', '132358', '', '339', '00:00:40.20');
INSERT IGNORE INTO `annp_final`.`result` (`resultid`, `eventid`, `license`, `state`, `points`, `swimtime`) VALUES ('12315', '9659', '153141', '', '240', '00:00:42.03');
INSERT IGNORE INTO `annp_final`.`result` (`resultid`, `eventid`, `license`, `state`, `points`, `swimtime`) VALUES ('12316', '9711', '153141', '', '207', '00:01:37.15');
INSERT IGNORE INTO `annp_final`.`result` (`resultid`, `eventid`, `license`, `state`, `points`, `swimtime`) VALUES ('12317', '10386', '153141', '', '176', '00:00:53.16');
INSERT IGNORE INTO `annp_final`.`result` (`resultid`, `eventid`, `license`, `state`, `points`, `swimtime`) VALUES ('12319', '10364', '126944', '', '491', '00:00:38.98');
INSERT IGNORE INTO `annp_final`.`result` (`resultid`, `eventid`, `license`, `state`, `points`, `swimtime`) VALUES ('12320', '9789', '126944', '', '434', '00:01:31.81');
INSERT IGNORE INTO `annp_final`.`result` (`resultid`, `eventid`, `license`, `state`, `points`, `swimtime`) VALUES ('12321', '2203', '126944', '', '400', '00:03:29.89');
INSERT IGNORE INTO `annp_final`.`result` (`resultid`, `eventid`, `license`, `state`, `points`, `swimtime`) VALUES ('12331', '9763', '120591', '', '274', '00:01:46.24');
INSERT IGNORE INTO `annp_final`.`result` (`resultid`, `eventid`, `license`, `state`, `points`, `swimtime`) VALUES ('12332', '10386', '120591', '', '261', '00:00:48.33');
INSERT IGNORE INTO `annp_final`.`result` (`resultid`, `eventid`, `license`, `state`, `points`, `swimtime`) VALUES ('12311', '2124', '15954', '', '', '00:00:00.00');
INSERT IGNORE INTO `annp_final`.`result` (`resultid`, `eventid`, `license`, `state`, `points`, `swimtime`) VALUES ('12312', '9685', '15954', '', '', '00:00:00.00');
INSERT IGNORE INTO `annp_final`.`result` (`resultid`, `eventid`, `license`, `state`, `points`, `swimtime`) VALUES ('12313', '2177', '15954', '', '', '00:00:00.00');
INSERT IGNORE INTO `annp_final`.`result` (`resultid`, `eventid`, `license`, `state`, `points`, `swimtime`) VALUES ('12261', '10350', '119665', '', '586', '00:00:41.03');
INSERT IGNORE INTO `annp_final`.`result` (`resultid`, `eventid`, `license`, `state`, `points`, `swimtime`) VALUES ('12262', '10412', '119665', '', '522', '00:00:36.37');
INSERT IGNORE INTO `annp_final`.`result` (`resultid`, `eventid`, `license`, `state`, `points`, `swimtime`) VALUES ('12249', '9632', '214085', '', '257', '00:01:53.48');
INSERT IGNORE INTO `annp_final`.`result` (`resultid`, `eventid`, `license`, `state`, `points`, `swimtime`) VALUES ('12250', '10364', '214085', '', '214', '00:00:54.73');
INSERT IGNORE INTO `annp_final`.`result` (`resultid`, `eventid`, `license`, `state`, `points`, `swimtime`) VALUES ('12251', '1157', '214085', '', '283', '00:03:27.84');
INSERT IGNORE INTO `annp_final`.`result` (`resultid`, `eventid`, `license`, `state`, `points`, `swimtime`) VALUES ('12243', '10350', '105263', '', '433', '00:00:49.61');
INSERT IGNORE INTO `annp_final`.`result` (`resultid`, `eventid`, `license`, `state`, `points`, `swimtime`) VALUES ('12244', '1144', '105263', '', '339', '00:03:17.41');
INSERT IGNORE INTO `annp_final`.`result` (`resultid`, `eventid`, `license`, `state`, `points`, `swimtime`) VALUES ('12245', '9763', '105263', '', '450', '00:01:48.55');
INSERT IGNORE INTO `annp_final`.`result` (`resultid`, `eventid`, `license`, `state`, `points`, `swimtime`) VALUES ('12228', '10364', '41243469', '', '419', '00:00:37.76');
INSERT IGNORE INTO `annp_final`.`result` (`resultid`, `eventid`, `license`, `state`, `points`, `swimtime`) VALUES ('12229', '10426', '41243469', '', '374', '00:00:32.89');
INSERT IGNORE INTO `annp_final`.`result` (`resultid`, `eventid`, `license`, `state`, `points`, `swimtime`) VALUES ('12220', '9632', '206896', '', '191', '00:01:50.35');
INSERT IGNORE INTO `annp_final`.`result` (`resultid`, `eventid`, `license`, `state`, `points`, `swimtime`) VALUES ('12221', '2124', '206896', '', '215', '00:03:51.95');
INSERT IGNORE INTO `annp_final`.`result` (`resultid`, `eventid`, `license`, `state`, `points`, `swimtime`) VALUES ('12222', '9685', '206896', '', '224', '00:00:40.69');
INSERT IGNORE INTO `annp_final`.`result` (`resultid`, `eventid`, `license`, `state`, `points`, `swimtime`) VALUES ('12239', '1144', '132357', '', '343', '00:03:16.71');
INSERT IGNORE INTO `annp_final`.`result` (`resultid`, `eventid`, `license`, `state`, `points`, `swimtime`) VALUES ('12240', '9763', '132357', '', '483', '00:01:46.06');
INSERT IGNORE INTO `annp_final`.`result` (`resultid`, `eventid`, `license`, `state`, `points`, `swimtime`) VALUES ('12241', '10412', '132357', '', '263', '00:00:49.82');
INSERT IGNORE INTO `annp_final`.`result` (`resultid`, `eventid`, `license`, `state`, `points`, `swimtime`) VALUES ('12247', '10350', '26829', '', '509', '00:00:47.04');
INSERT IGNORE INTO `annp_final`.`result` (`resultid`, `eventid`, `license`, `state`, `points`, `swimtime`) VALUES ('12293', '10336', '15824', '', '443', '00:02:45.54');
INSERT IGNORE INTO `annp_final`.`result` (`resultid`, `eventid`, `license`, `state`, `points`, `swimtime`) VALUES ('12294', '9737', '15824', '', '532', '00:00:59.93');
INSERT IGNORE INTO `annp_final`.`result` (`resultid`, `eventid`, `license`, `state`, `points`, `swimtime`) VALUES ('12295', '10426', '15824', '', '570', '00:00:28.58');
INSERT IGNORE INTO `annp_final`.`result` (`resultid`, `eventid`, `license`, `state`, `points`, `swimtime`) VALUES ('12285', '2177', '125910', '', '526', '00:01:08.37');
INSERT IGNORE INTO `annp_final`.`result` (`resultid`, `eventid`, `license`, `state`, `points`, `swimtime`) VALUES ('12286', '1157', '125910', '', '505', '00:02:19.97');
INSERT IGNORE INTO `annp_final`.`result` (`resultid`, `eventid`, `license`, `state`, `points`, `swimtime`) VALUES ('12287', '10426', '125910', '', '611', '00:00:29.31');
INSERT IGNORE INTO `annp_final`.`result` (`resultid`, `eventid`, `license`, `state`, `points`, `swimtime`) VALUES ('12323', '10364', '131833', '', '206', '00:00:51.61');
INSERT IGNORE INTO `annp_final`.`result` (`resultid`, `eventid`, `license`, `state`, `points`, `swimtime`) VALUES ('12324', '10399', '131833', '', '123', '00:00:58.93');
INSERT IGNORE INTO `annp_final`.`result` (`resultid`, `eventid`, `license`, `state`, `points`, `swimtime`) VALUES ('12325', '9789', '131833', '', '198', '00:01:56.87');
INSERT IGNORE INTO `annp_final`.`result` (`resultid`, `eventid`, `license`, `state`, `points`, `swimtime`) VALUES ('12276', '9711', '120501', '', '248', '00:01:53.54');
INSERT IGNORE INTO `annp_final`.`result` (`resultid`, `eventid`, `license`, `state`, `points`, `swimtime`) VALUES ('12277', '10386', '120501', '', '176', '00:01:04.70');
INSERT IGNORE INTO `annp_final`.`result` (`resultid`, `eventid`, `license`, `state`, `points`, `swimtime`) VALUES ('12278', '2190', '120501', '', '400', '00:04:14.22');
INSERT IGNORE INTO `annp_final`.`result` (`resultid`, `eventid`, `license`, `state`, `points`, `swimtime`) VALUES ('12301', '4128', '112616', '', '466', '00:22:41.16');
INSERT IGNORE INTO `annp_final`.`result` (`resultid`, `eventid`, `license`, `state`, `points`, `swimtime`) VALUES ('12302', '1157', '112616', '', '412', '00:02:50.18');
INSERT IGNORE INTO `annp_final`.`result` (`resultid`, `eventid`, `license`, `state`, `points`, `swimtime`) VALUES ('12268', '9605', '121739', '', '370', '00:01:34.66');
INSERT IGNORE INTO `annp_final`.`result` (`resultid`, `eventid`, `license`, `state`, `points`, `swimtime`) VALUES ('12269', '9711', '121739', '', '463', '00:01:16.77');
INSERT IGNORE INTO `annp_final`.`result` (`resultid`, `eventid`, `license`, `state`, `points`, `swimtime`) VALUES ('12270', '10412', '121739', '', '392', '00:00:40.03');
INSERT IGNORE INTO `annp_final`.`result` (`resultid`, `eventid`, `license`, `state`, `points`, `swimtime`) VALUES ('12498', '9659', '41243689', '', '233', '00:00:44.15');
INSERT IGNORE INTO `annp_final`.`result` (`resultid`, `eventid`, `license`, `state`, `points`, `swimtime`) VALUES ('12499', '10350', '41243689', '', '194', '00:00:59.30');
INSERT IGNORE INTO `annp_final`.`result` (`resultid`, `eventid`, `license`, `state`, `points`, `swimtime`) VALUES ('12500', '10386', '41243689', '', '220', '00:00:50.59');
INSERT IGNORE INTO `annp_final`.`result` (`resultid`, `eventid`, `license`, `state`, `points`, `swimtime`) VALUES ('12475', '9659', '41243690', '', '254', '00:00:39.92');
INSERT IGNORE INTO `annp_final`.`result` (`resultid`, `eventid`, `license`, `state`, `points`, `swimtime`) VALUES ('12476', '10350', '41243690', '', '246', '00:00:50.38');
INSERT IGNORE INTO `annp_final`.`result` (`resultid`, `eventid`, `license`, `state`, `points`, `swimtime`) VALUES ('12477', '10386', '41243690', '', '240', '00:00:47.62');
INSERT IGNORE INTO `annp_final`.`result` (`resultid`, `eventid`, `license`, `state`, `points`, `swimtime`) VALUES ('12482', '9685', '26838', '', '572', '00:00:32.32');
INSERT IGNORE INTO `annp_final`.`result` (`resultid`, `eventid`, `license`, `state`, `points`, `swimtime`) VALUES ('12483', '1157', '26838', '', '408', '00:03:03.90');
INSERT IGNORE INTO `annp_final`.`result` (`resultid`, `eventid`, `license`, `state`, `points`, `swimtime`) VALUES ('12484', '10426', '26838', '', '424', '00:00:38.78');
INSERT IGNORE INTO `annp_final`.`result` (`resultid`, `eventid`, `license`, `state`, `points`, `swimtime`) VALUES ('12506', '9659', '214867', '', '167', '00:00:47.49');
INSERT IGNORE INTO `annp_final`.`result` (`resultid`, `eventid`, `license`, `state`, `points`, `swimtime`) VALUES ('12507', '10350', '214867', '', '', '00:00:00.00');
INSERT IGNORE INTO `annp_final`.`result` (`resultid`, `eventid`, `license`, `state`, `points`, `swimtime`) VALUES ('12508', '10386', '214867', '', '134', '00:01:00.24');
INSERT IGNORE INTO `annp_final`.`result` (`resultid`, `eventid`, `license`, `state`, `points`, `swimtime`) VALUES ('12479', '2124', '127786', '', '811', '00:02:29.18');
INSERT IGNORE INTO `annp_final`.`result` (`resultid`, `eventid`, `license`, `state`, `points`, `swimtime`) VALUES ('12480', '1131', '127786', '', '740', '00:05:32.66');
INSERT IGNORE INTO `annp_final`.`result` (`resultid`, `eventid`, `license`, `state`, `points`, `swimtime`) VALUES ('12465', '10386', '108036', '', '318', '00:00:45.85');
INSERT IGNORE INTO `annp_final`.`result` (`resultid`, `eventid`, `license`, `state`, `points`, `swimtime`) VALUES ('12461', '2177', '41243695', '', '258', '00:01:31.93');
INSERT IGNORE INTO `annp_final`.`result` (`resultid`, `eventid`, `license`, `state`, `points`, `swimtime`) VALUES ('12462', '9737', '41243695', '', '307', '00:01:18.40');
INSERT IGNORE INTO `annp_final`.`result` (`resultid`, `eventid`, `license`, `state`, `points`, `swimtime`) VALUES ('12463', '10426', '41243695', '', '331', '00:00:37.11');
INSERT IGNORE INTO `annp_final`.`result` (`resultid`, `eventid`, `license`, `state`, `points`, `swimtime`) VALUES ('12457', '4128', '213924', '', '506', '00:20:51.07');
INSERT IGNORE INTO `annp_final`.`result` (`resultid`, `eventid`, `license`, `state`, `points`, `swimtime`) VALUES ('12458', '9632', '213924', '', '460', '00:01:16.46');
INSERT IGNORE INTO `annp_final`.`result` (`resultid`, `eventid`, `license`, `state`, `points`, `swimtime`) VALUES ('12459', '10364', '213924', '', '477', '00:00:37.20');
INSERT IGNORE INTO `annp_final`.`result` (`resultid`, `eventid`, `license`, `state`, `points`, `swimtime`) VALUES ('12510', '10350', '106652', '', '482', '00:00:43.77');
INSERT IGNORE INTO `annp_final`.`result` (`resultid`, `eventid`, `license`, `state`, `points`, `swimtime`) VALUES ('12511', '2190', '106652', '', '496', '00:03:29.75');
INSERT IGNORE INTO `annp_final`.`result` (`resultid`, `eventid`, `license`, `state`, `points`, `swimtime`) VALUES ('12512', '10412', '106652', '', '411', '00:00:39.38');
INSERT IGNORE INTO `annp_final`.`result` (`resultid`, `eventid`, `license`, `state`, `points`, `swimtime`) VALUES ('12529', '9685', '211227', '', '408', '00:00:31.28');
INSERT IGNORE INTO `annp_final`.`result` (`resultid`, `eventid`, `license`, `state`, `points`, `swimtime`) VALUES ('12530', '10364', '211227', '', '395', '00:00:39.61');
INSERT IGNORE INTO `annp_final`.`result` (`resultid`, `eventid`, `license`, `state`, `points`, `swimtime`) VALUES ('12525', '2177', '123374', '', '536', '00:01:07.94');
INSERT IGNORE INTO `annp_final`.`result` (`resultid`, `eventid`, `license`, `state`, `points`, `swimtime`) VALUES ('12526', '10364', '123374', '', '624', '00:00:33.77');
INSERT IGNORE INTO `annp_final`.`result` (`resultid`, `eventid`, `license`, `state`, `points`, `swimtime`) VALUES ('12527', '9789', '123374', '', '617', '00:01:15.17');
INSERT IGNORE INTO `annp_final`.`result` (`resultid`, `eventid`, `license`, `state`, `points`, `swimtime`) VALUES ('12517', '1131', '14631', '', '608', '00:05:41.23');
INSERT IGNORE INTO `annp_final`.`result` (`resultid`, `eventid`, `license`, `state`, `points`, `swimtime`) VALUES ('12518', '1157', '14631', '', '600', '00:02:16.01');
INSERT IGNORE INTO `annp_final`.`result` (`resultid`, `eventid`, `license`, `state`, `points`, `swimtime`) VALUES ('12519', '10426', '14631', '', '616', '00:00:30.17');
INSERT IGNORE INTO `annp_final`.`result` (`resultid`, `eventid`, `license`, `state`, `points`, `swimtime`) VALUES ('12486', '9685', '41243701', '', '250', '00:00:36.51');
INSERT IGNORE INTO `annp_final`.`result` (`resultid`, `eventid`, `license`, `state`, `points`, `swimtime`) VALUES ('12487', '1157', '41243701', '', '185', '00:03:15.45');
INSERT IGNORE INTO `annp_final`.`result` (`resultid`, `eventid`, `license`, `state`, `points`, `swimtime`) VALUES ('12488', '9789', '41243701', '', '209', '00:01:47.87');
INSERT IGNORE INTO `annp_final`.`result` (`resultid`, `eventid`, `license`, `state`, `points`, `swimtime`) VALUES ('12494', '2164', '204549', '', '285', '00:01:49.47');
INSERT IGNORE INTO `annp_final`.`result` (`resultid`, `eventid`, `license`, `state`, `points`, `swimtime`) VALUES ('12495', '10322', '204549', '', '236', '00:04:17.85');
INSERT IGNORE INTO `annp_final`.`result` (`resultid`, `eventid`, `license`, `state`, `points`, `swimtime`) VALUES ('12496', '10412', '204549', '', '348', '00:00:45.39');
INSERT IGNORE INTO `annp_final`.`result` (`resultid`, `eventid`, `license`, `state`, `points`, `swimtime`) VALUES ('12521', '9605', '212365', '', '322', '00:01:48.55');
INSERT IGNORE INTO `annp_final`.`result` (`resultid`, `eventid`, `license`, `state`, `points`, `swimtime`) VALUES ('12522', '9659', '212365', '', '383', '00:00:39.54');
INSERT IGNORE INTO `annp_final`.`result` (`resultid`, `eventid`, `license`, `state`, `points`, `swimtime`) VALUES ('12523', '2164', '212365', '', '269', '00:01:51.66');
INSERT IGNORE INTO `annp_final`.`result` (`resultid`, `eventid`, `license`, `state`, `points`, `swimtime`) VALUES ('12467', '4128', '108661', '', '366', '00:23:01.82');
INSERT IGNORE INTO `annp_final`.`result` (`resultid`, `eventid`, `license`, `state`, `points`, `swimtime`) VALUES ('12468', '9737', '108661', '', '412', '00:01:11.08');
INSERT IGNORE INTO `annp_final`.`result` (`resultid`, `eventid`, `license`, `state`, `points`, `swimtime`) VALUES ('12469', '1157', '108661', '', '363', '00:02:40.80');
INSERT IGNORE INTO `annp_final`.`result` (`resultid`, `eventid`, `license`, `state`, `points`, `swimtime`) VALUES ('12514', '2124', '211230', '', '114', '00:04:54.90');
INSERT IGNORE INTO `annp_final`.`result` (`resultid`, `eventid`, `license`, `state`, `points`, `swimtime`) VALUES ('12515', '1157', '211230', '', '155', '00:03:55.77');
INSERT IGNORE INTO `annp_final`.`result` (`resultid`, `eventid`, `license`, `state`, `points`, `swimtime`) VALUES ('12490', '9685', '41243706', '', '312', '00:00:32.61');
INSERT IGNORE INTO `annp_final`.`result` (`resultid`, `eventid`, `license`, `state`, `points`, `swimtime`) VALUES ('12491', '10364', '41243706', '', '219', '00:00:46.13');
INSERT IGNORE INTO `annp_final`.`result` (`resultid`, `eventid`, `license`, `state`, `points`, `swimtime`) VALUES ('12492', '9737', '41243706', '', '272', '00:01:15.67');
INSERT IGNORE INTO `annp_final`.`result` (`resultid`, `eventid`, `license`, `state`, `points`, `swimtime`) VALUES ('12471', '9632', '128252', '', '334', '00:01:44.29');
INSERT IGNORE INTO `annp_final`.`result` (`resultid`, `eventid`, `license`, `state`, `points`, `swimtime`) VALUES ('12472', '10364', '128252', '', '470', '00:00:43.65');
INSERT IGNORE INTO `annp_final`.`result` (`resultid`, `eventid`, `license`, `state`, `points`, `swimtime`) VALUES ('12473', '10399', '128252', '', '', '00:00:00.00');
INSERT IGNORE INTO `annp_final`.`result` (`resultid`, `eventid`, `license`, `state`, `points`, `swimtime`) VALUES ('12502', '9685', '210499', '', '87', '00:01:02.23');
INSERT IGNORE INTO `annp_final`.`result` (`resultid`, `eventid`, `license`, `state`, `points`, `swimtime`) VALUES ('12503', '9737', '210499', '', '88', '00:02:17.27');
INSERT IGNORE INTO `annp_final`.`result` (`resultid`, `eventid`, `license`, `state`, `points`, `swimtime`) VALUES ('12504', '2203', '210499', '', '', '00:00:00.00');
INSERT IGNORE INTO `annp_final`.`result` (`resultid`, `eventid`, `license`, `state`, `points`, `swimtime`) VALUES ('12650', '10364', '214235', '', '582', '00:00:34.57');
INSERT IGNORE INTO `annp_final`.`result` (`resultid`, `eventid`, `license`, `state`, `points`, `swimtime`) VALUES ('12651', '9789', '214235', '', '595', '00:01:16.08');
INSERT IGNORE INTO `annp_final`.`result` (`resultid`, `eventid`, `license`, `state`, `points`, `swimtime`) VALUES ('12652', '2203', '214235', '', '520', '00:02:54.80');
INSERT IGNORE INTO `annp_final`.`result` (`resultid`, `eventid`, `license`, `state`, `points`, `swimtime`) VALUES ('12647', '9605', '15615', '', '425', '00:01:24.78');
INSERT IGNORE INTO `annp_final`.`result` (`resultid`, `eventid`, `license`, `state`, `points`, `swimtime`) VALUES ('12648', '10386', '15615', '', '415', '00:00:39.69');
INSERT IGNORE INTO `annp_final`.`result` (`resultid`, `eventid`, `license`, `state`, `points`, `swimtime`) VALUES ('12658', '9659', '110596', '', '561', '00:00:30.65');
INSERT IGNORE INTO `annp_final`.`result` (`resultid`, `eventid`, `license`, `state`, `points`, `swimtime`) VALUES ('12659', '9711', '110596', '', '545', '00:01:08.68');
INSERT IGNORE INTO `annp_final`.`result` (`resultid`, `eventid`, `license`, `state`, `points`, `swimtime`) VALUES ('12660', '10412', '110596', '', '463', '00:00:35.93');
INSERT IGNORE INTO `annp_final`.`result` (`resultid`, `eventid`, `license`, `state`, `points`, `swimtime`) VALUES ('12666', '9685', '215275', '', '395', '00:00:30.14');
INSERT IGNORE INTO `annp_final`.`result` (`resultid`, `eventid`, `license`, `state`, `points`, `swimtime`) VALUES ('12667', '10364', '215275', '', '427', '00:00:36.93');
INSERT IGNORE INTO `annp_final`.`result` (`resultid`, `eventid`, `license`, `state`, `points`, `swimtime`) VALUES ('12668', '9737', '215275', '', '354', '00:01:09.26');
INSERT IGNORE INTO `annp_final`.`result` (`resultid`, `eventid`, `license`, `state`, `points`, `swimtime`) VALUES ('12670', '2177', '18082', '', '573', '00:01:06.45');
INSERT IGNORE INTO `annp_final`.`result` (`resultid`, `eventid`, `license`, `state`, `points`, `swimtime`) VALUES ('12672', '1157', '18082', '', '628', '00:02:10.16');
INSERT IGNORE INTO `annp_final`.`result` (`resultid`, `eventid`, `license`, `state`, `points`, `swimtime`) VALUES ('12673', '4128', '18082', '', '628', '00:19:29.68');
INSERT IGNORE INTO `annp_final`.`result` (`resultid`, `eventid`, `license`, `state`, `points`, `swimtime`) VALUES ('12654', '9685', '15611', '', '568', '00:00:27.57');
INSERT IGNORE INTO `annp_final`.`result` (`resultid`, `eventid`, `license`, `state`, `points`, `swimtime`) VALUES ('12655', '9737', '15611', '', '456', '00:01:03.08');
INSERT IGNORE INTO `annp_final`.`result` (`resultid`, `eventid`, `license`, `state`, `points`, `swimtime`) VALUES ('12656', '10426', '15611', '', '535', '00:00:29.18');
INSERT IGNORE INTO `annp_final`.`result` (`resultid`, `eventid`, `license`, `state`, `points`, `swimtime`) VALUES ('12662', '9685', '23308', '', '503', '00:00:28.92');
INSERT IGNORE INTO `annp_final`.`result` (`resultid`, `eventid`, `license`, `state`, `points`, `swimtime`) VALUES ('12663', '9737', '23308', '', '480', '00:01:05.65');
INSERT IGNORE INTO `annp_final`.`result` (`resultid`, `eventid`, `license`, `state`, `points`, `swimtime`) VALUES ('12664', '10364', '23308', '', '562', '00:00:34.97');
INSERT IGNORE INTO `annp_final`.`result` (`resultid`, `eventid`, `license`, `state`, `points`, `swimtime`) VALUES ('12688', '10399', '153262', '', '', '00:00:00.00');
INSERT IGNORE INTO `annp_final`.`result` (`resultid`, `eventid`, `license`, `state`, `points`, `swimtime`) VALUES ('12680', '2177', '212423', '', '482', '00:01:12.18');
INSERT IGNORE INTO `annp_final`.`result` (`resultid`, `eventid`, `license`, `state`, `points`, `swimtime`) VALUES ('12681', '1157', '212423', '', '', '00:00:00.00');
INSERT IGNORE INTO `annp_final`.`result` (`resultid`, `eventid`, `license`, `state`, `points`, `swimtime`) VALUES ('12682', '10426', '212423', '', '532', '00:00:31.01');
INSERT IGNORE INTO `annp_final`.`result` (`resultid`, `eventid`, `license`, `state`, `points`, `swimtime`) VALUES ('12690', '10386', '153261', '', '94', '00:01:08.61');
INSERT IGNORE INTO `annp_final`.`result` (`resultid`, `eventid`, `license`, `state`, `points`, `swimtime`) VALUES ('11914', '4128', '104826', '', '359', '00:23:00.80');
INSERT IGNORE INTO `annp_final`.`result` (`resultid`, `eventid`, `license`, `state`, `points`, `swimtime`) VALUES ('11915', '10364', '104826', '', '373', '00:00:38.62');
INSERT IGNORE INTO `annp_final`.`result` (`resultid`, `eventid`, `license`, `state`, `points`, `swimtime`) VALUES ('11916', '1157', '104826', '', '321', '00:02:35.44');
INSERT IGNORE INTO `annp_final`.`result` (`resultid`, `eventid`, `license`, `state`, `points`, `swimtime`) VALUES ('12677', '9711', '111258', '', '544', '00:01:12.77');
INSERT IGNORE INTO `annp_final`.`result` (`resultid`, `eventid`, `license`, `state`, `points`, `swimtime`) VALUES ('12678', '9763', '111258', '', '459', '00:01:38.10');
INSERT IGNORE INTO `annp_final`.`result` (`resultid`, `eventid`, `license`, `state`, `points`, `swimtime`) VALUES ('11907', '9685', '23051', '', '542', '00:00:27.13');
INSERT IGNORE INTO `annp_final`.`result` (`resultid`, `eventid`, `license`, `state`, `points`, `swimtime`) VALUES ('11908', '9737', '23051', '', '477', '00:01:02.74');
INSERT IGNORE INTO `annp_final`.`result` (`resultid`, `eventid`, `license`, `state`, `points`, `swimtime`) VALUES ('11909', '10426', '23051', '', '438', '00:00:30.11');
INSERT IGNORE INTO `annp_final`.`result` (`resultid`, `eventid`, `license`, `state`, `points`, `swimtime`) VALUES ('12684', '9659', '132091', '', '73', '00:01:00.34');
INSERT IGNORE INTO `annp_final`.`result` (`resultid`, `eventid`, `license`, `state`, `points`, `swimtime`) VALUES ('12685', '1144', '132091', '', '99', '00:04:30.12');
INSERT IGNORE INTO `annp_final`.`result` (`resultid`, `eventid`, `license`, `state`, `points`, `swimtime`) VALUES ('12686', '10412', '132091', '', '30', '00:01:29.30');
INSERT IGNORE INTO `annp_final`.`result` (`resultid`, `eventid`, `license`, `state`, `points`, `swimtime`) VALUES ('11887', '4128', '118614', '', '860', '00:20:35.47');
INSERT IGNORE INTO `annp_final`.`result` (`resultid`, `eventid`, `license`, `state`, `points`, `swimtime`) VALUES ('11888', '1157', '118614', '', '797', '00:02:27.17');
INSERT IGNORE INTO `annp_final`.`result` (`resultid`, `eventid`, `license`, `state`, `points`, `swimtime`) VALUES ('11889', '10426', '118614', '', '573', '00:00:35.09');
INSERT IGNORE INTO `annp_final`.`result` (`resultid`, `eventid`, `license`, `state`, `points`, `swimtime`) VALUES ('12165', '9659', '117125', '', '620', '00:00:31.87');
INSERT IGNORE INTO `annp_final`.`result` (`resultid`, `eventid`, `license`, `state`, `points`, `swimtime`) VALUES ('12166', '1118', '117125', '', '695', '00:05:59.23');
INSERT IGNORE INTO `annp_final`.`result` (`resultid`, `eventid`, `license`, `state`, `points`, `swimtime`) VALUES ('12167', '2190', '117125', '', '652', '00:03:11.58');
INSERT IGNORE INTO `annp_final`.`result` (`resultid`, `eventid`, `license`, `state`, `points`, `swimtime`) VALUES ('12010', '9659', '106203', '', '', '00:00:00.00');
INSERT IGNORE INTO `annp_final`.`result` (`resultid`, `eventid`, `license`, `state`, `points`, `swimtime`) VALUES ('12011', '10350', '106203', '', '', '00:00:00.00');
INSERT IGNORE INTO `annp_final`.`result` (`resultid`, `eventid`, `license`, `state`, `points`, `swimtime`) VALUES ('12050', '9685', '130679', '', '231', '00:00:46.23');
INSERT IGNORE INTO `annp_final`.`result` (`resultid`, `eventid`, `license`, `state`, `points`, `swimtime`) VALUES ('12051', '10364', '130679', '', '228', '00:00:58.14');
INSERT IGNORE INTO `annp_final`.`result` (`resultid`, `eventid`, `license`, `state`, `points`, `swimtime`) VALUES ('12052', '10426', '130679', '', '221', '00:00:52.93');
INSERT IGNORE INTO `annp_final`.`result` (`resultid`, `eventid`, `license`, `state`, `points`, `swimtime`) VALUES ('12057', '4102', '202850', '', '327', '00:27:05.95');
INSERT IGNORE INTO `annp_final`.`result` (`resultid`, `eventid`, `license`, `state`, `points`, `swimtime`) VALUES ('12058', '2111', '202850', '', '241', '00:03:59.89');
INSERT IGNORE INTO `annp_final`.`result` (`resultid`, `eventid`, `license`, `state`, `points`, `swimtime`) VALUES ('12060', '2164', '202850', '', '159', '00:01:59.05');
INSERT IGNORE INTO `annp_final`.`result` (`resultid`, `eventid`, `license`, `state`, `points`, `swimtime`) VALUES ('11999', '9685', '208445', '', '706', '00:00:29.23');
INSERT IGNORE INTO `annp_final`.`result` (`resultid`, `eventid`, `license`, `state`, `points`, `swimtime`) VALUES ('12000', '10364', '208445', '', '591', '00:00:36.33');
INSERT IGNORE INTO `annp_final`.`result` (`resultid`, `eventid`, `license`, `state`, `points`, `swimtime`) VALUES ('12001', '9789', '208445', '', '630', '00:01:19.44');
INSERT IGNORE INTO `annp_final`.`result` (`resultid`, `eventid`, `license`, `state`, `points`, `swimtime`) VALUES ('12073', '9659', '131782', '', '180', '00:00:50.81');
INSERT IGNORE INTO `annp_final`.`result` (`resultid`, `eventid`, `license`, `state`, `points`, `swimtime`) VALUES ('12038', '2124', '123664', '', '620', '00:02:43.15');
INSERT IGNORE INTO `annp_final`.`result` (`resultid`, `eventid`, `license`, `state`, `points`, `swimtime`) VALUES ('12039', '2177', '123664', '', '688', '00:01:10.54');
INSERT IGNORE INTO `annp_final`.`result` (`resultid`, `eventid`, `license`, `state`, `points`, `swimtime`) VALUES ('12040', '1131', '123664', '', '622', '00:05:52.59');
INSERT IGNORE INTO `annp_final`.`result` (`resultid`, `eventid`, `license`, `state`, `points`, `swimtime`) VALUES ('12027', '9685', '131590', '', '184', '00:00:54.96');
INSERT IGNORE INTO `annp_final`.`result` (`resultid`, `eventid`, `license`, `state`, `points`, `swimtime`) VALUES ('12028', '10364', '131590', '', '205', '00:01:06.48');
INSERT IGNORE INTO `annp_final`.`result` (`resultid`, `eventid`, `license`, `state`, `points`, `swimtime`) VALUES ('12042', '4128', '205032', '', '', '00:00:00.00');
INSERT IGNORE INTO `annp_final`.`result` (`resultid`, `eventid`, `license`, `state`, `points`, `swimtime`) VALUES ('12043', '2177', '205032', '', '', '00:00:00.00');
INSERT IGNORE INTO `annp_final`.`result` (`resultid`, `eventid`, `license`, `state`, `points`, `swimtime`) VALUES ('11993', '9711', '212350', '', '', '00:00:00.00');
INSERT IGNORE INTO `annp_final`.`result` (`resultid`, `eventid`, `license`, `state`, `points`, `swimtime`) VALUES ('11994', '9763', '212350', '', '', '00:00:00.00');
INSERT IGNORE INTO `annp_final`.`result` (`resultid`, `eventid`, `license`, `state`, `points`, `swimtime`) VALUES ('12017', '2164', '212606', '', '239', '00:01:42.65');
INSERT IGNORE INTO `annp_final`.`result` (`resultid`, `eventid`, `license`, `state`, `points`, `swimtime`) VALUES ('12018', '10350', '212606', '', '306', '00:00:46.94');
INSERT IGNORE INTO `annp_final`.`result` (`resultid`, `eventid`, `license`, `state`, `points`, `swimtime`) VALUES ('12013', '9605', '153144', '', '346', '00:01:36.60');
INSERT IGNORE INTO `annp_final`.`result` (`resultid`, `eventid`, `license`, `state`, `points`, `swimtime`) VALUES ('12014', '10350', '153144', '', '489', '00:00:44.61');
INSERT IGNORE INTO `annp_final`.`result` (`resultid`, `eventid`, `license`, `state`, `points`, `swimtime`) VALUES ('12015', '2190', '153144', '', '517', '00:03:30.83');
INSERT IGNORE INTO `annp_final`.`result` (`resultid`, `eventid`, `license`, `state`, `points`, `swimtime`) VALUES ('11996', '9685', '206897', '', '', '00:00:00.00');
INSERT IGNORE INTO `annp_final`.`result` (`resultid`, `eventid`, `license`, `state`, `points`, `swimtime`) VALUES ('11997', '1157', '206897', '', '332', '00:03:03.00');
INSERT IGNORE INTO `annp_final`.`result` (`resultid`, `eventid`, `license`, `state`, `points`, `swimtime`) VALUES ('12023', '9685', '100919', '', '236', '00:00:44.58');
INSERT IGNORE INTO `annp_final`.`result` (`resultid`, `eventid`, `license`, `state`, `points`, `swimtime`) VALUES ('12024', '10364', '100919', '', '378', '00:00:46.93');
INSERT IGNORE INTO `annp_final`.`result` (`resultid`, `eventid`, `license`, `state`, `points`, `swimtime`) VALUES ('12025', '10399', '100919', '', '286', '00:00:50.54');
INSERT IGNORE INTO `annp_final`.`result` (`resultid`, `eventid`, `license`, `state`, `points`, `swimtime`) VALUES ('12079', '9632', '201375', '', '193', '00:01:42.68');
INSERT IGNORE INTO `annp_final`.`result` (`resultid`, `eventid`, `license`, `state`, `points`, `swimtime`) VALUES ('12080', '2124', '201375', '', '', '00:00:00.00');
INSERT IGNORE INTO `annp_final`.`result` (`resultid`, `eventid`, `license`, `state`, `points`, `swimtime`) VALUES ('12081', '9685', '201375', '', '289', '00:00:36.07');
INSERT IGNORE INTO `annp_final`.`result` (`resultid`, `eventid`, `license`, `state`, `points`, `swimtime`) VALUES ('12006', '9605', '124701', '', '253', '00:01:46.18');
INSERT IGNORE INTO `annp_final`.`result` (`resultid`, `eventid`, `license`, `state`, `points`, `swimtime`) VALUES ('12007', '2111', '124701', '', '281', '00:03:44.18');
INSERT IGNORE INTO `annp_final`.`result` (`resultid`, `eventid`, `license`, `state`, `points`, `swimtime`) VALUES ('12008', '10350', '124701', '', '342', '00:00:51.17');
INSERT IGNORE INTO `annp_final`.`result` (`resultid`, `eventid`, `license`, `state`, `points`, `swimtime`) VALUES ('12083', '9685', '205243', '', '158', '00:00:57.83');
INSERT IGNORE INTO `annp_final`.`result` (`resultid`, `eventid`, `license`, `state`, `points`, `swimtime`) VALUES ('12084', '10364', '205243', '', '274', '00:01:00.35');
INSERT IGNORE INTO `annp_final`.`result` (`resultid`, `eventid`, `license`, `state`, `points`, `swimtime`) VALUES ('12062', '4128', '17203', '', '', '00:00:00.00');
INSERT IGNORE INTO `annp_final`.`result` (`resultid`, `eventid`, `license`, `state`, `points`, `swimtime`) VALUES ('12003', '10364', '201380', '', '697', '00:00:36.92');
INSERT IGNORE INTO `annp_final`.`result` (`resultid`, `eventid`, `license`, `state`, `points`, `swimtime`) VALUES ('12004', '9789', '201380', '', '688', '00:01:23.65');
INSERT IGNORE INTO `annp_final`.`result` (`resultid`, `eventid`, `license`, `state`, `points`, `swimtime`) VALUES ('12088', '4128', '130665', '', '471', '00:22:36.41');
INSERT IGNORE INTO `annp_final`.`result` (`resultid`, `eventid`, `license`, `state`, `points`, `swimtime`) VALUES ('12071', '10364', '208406', '', '349', '00:00:43.02');
INSERT IGNORE INTO `annp_final`.`result` (`resultid`, `eventid`, `license`, `state`, `points`, `swimtime`) VALUES ('12035', '2124', '121758', '', '', '00:00:00.00');
INSERT IGNORE INTO `annp_final`.`result` (`resultid`, `eventid`, `license`, `state`, `points`, `swimtime`) VALUES ('12036', '9685', '121758', '', '', '00:00:00.00');
INSERT IGNORE INTO `annp_final`.`result` (`resultid`, `eventid`, `license`, `state`, `points`, `swimtime`) VALUES ('12045', '9632', '153118', '', '', '00:00:00.00');
INSERT IGNORE INTO `annp_final`.`result` (`resultid`, `eventid`, `license`, `state`, `points`, `swimtime`) VALUES ('12046', '2124', '153118', '', '', '00:00:00.00');
INSERT IGNORE INTO `annp_final`.`result` (`resultid`, `eventid`, `license`, `state`, `points`, `swimtime`) VALUES ('12032', '9685', '204079', '', '421', '00:00:32.98');
INSERT IGNORE INTO `annp_final`.`result` (`resultid`, `eventid`, `license`, `state`, `points`, `swimtime`) VALUES ('12054', '9632', '202097', '', '296', '00:01:29.12');
INSERT IGNORE INTO `annp_final`.`result` (`resultid`, `eventid`, `license`, `state`, `points`, `swimtime`) VALUES ('12055', '9685', '202097', '', '384', '00:00:32.84');
INSERT IGNORE INTO `annp_final`.`result` (`resultid`, `eventid`, `license`, `state`, `points`, `swimtime`) VALUES ('12075', '10364', '142204', '', '149', '00:01:04.05');
INSERT IGNORE INTO `annp_final`.`result` (`resultid`, `eventid`, `license`, `state`, `points`, `swimtime`) VALUES ('12076', '9737', '142204', '', '143', '00:01:56.73');
INSERT IGNORE INTO `annp_final`.`result` (`resultid`, `eventid`, `license`, `state`, `points`, `swimtime`) VALUES ('12077', '10426', '142204', '', '63', '00:01:16.42');
INSERT IGNORE INTO `annp_final`.`result` (`resultid`, `eventid`, `license`, `state`, `points`, `swimtime`) VALUES ('12064', '9737', '204875', '', '195', '00:01:28.58');
INSERT IGNORE INTO `annp_final`.`result` (`resultid`, `eventid`, `license`, `state`, `points`, `swimtime`) VALUES ('12065', '1157', '204875', '', '148', '00:03:30.35');
INSERT IGNORE INTO `annp_final`.`result` (`resultid`, `eventid`, `license`, `state`, `points`, `swimtime`) VALUES ('12066', '10426', '204875', '', '114', '00:00:51.29');
INSERT IGNORE INTO `annp_final`.`result` (`resultid`, `eventid`, `license`, `state`, `points`, `swimtime`) VALUES ('12048', '9685', '102544', '', '709', '00:00:29.18');
INSERT IGNORE INTO `annp_final`.`result` (`resultid`, `eventid`, `license`, `state`, `points`, `swimtime`) VALUES ('12030', '4128', '10232', '', '616', '00:19:31.56');
INSERT IGNORE INTO `annp_final`.`result` (`resultid`, `eventid`, `license`, `state`, `points`, `swimtime`) VALUES ('12020', '9685', '214263', '', '604', '00:00:29.23');
INSERT IGNORE INTO `annp_final`.`result` (`resultid`, `eventid`, `license`, `state`, `points`, `swimtime`) VALUES ('12021', '2177', '214263', '', '412', '00:01:23.68');
INSERT IGNORE INTO `annp_final`.`result` (`resultid`, `eventid`, `license`, `state`, `points`, `swimtime`) VALUES ('12068', '9685', '153155', '', '230', '00:00:38.93');
INSERT IGNORE INTO `annp_final`.`result` (`resultid`, `eventid`, `license`, `state`, `points`, `swimtime`) VALUES ('12069', '2177', '153155', '', '145', '00:01:51.25');
INSERT IGNORE INTO `annp_final`.`result` (`resultid`, `eventid`, `license`, `state`, `points`, `swimtime`) VALUES ('11859', '1157', '118005', '', '324', '00:02:59.72');
INSERT IGNORE INTO `annp_final`.`result` (`resultid`, `eventid`, `license`, `state`, `points`, `swimtime`) VALUES ('11860', '9789', '118005', '', '355', '00:01:38.20');
INSERT IGNORE INTO `annp_final`.`result` (`resultid`, `eventid`, `license`, `state`, `points`, `swimtime`) VALUES ('11856', '9711', '205535', '', '163', '00:01:48.66');
INSERT IGNORE INTO `annp_final`.`result` (`resultid`, `eventid`, `license`, `state`, `points`, `swimtime`) VALUES ('11857', '9763', '205535', '', '237', '00:02:02.27');
INSERT IGNORE INTO `annp_final`.`result` (`resultid`, `eventid`, `license`, `state`, `points`, `swimtime`) VALUES ('11862', '9737', '206943', '', '283', '00:01:20.59');
INSERT IGNORE INTO `annp_final`.`result` (`resultid`, `eventid`, `license`, `state`, `points`, `swimtime`) VALUES ('11863', '1157', '206943', '', '245', '00:03:03.33');
INSERT IGNORE INTO `annp_final`.`result` (`resultid`, `eventid`, `license`, `state`, `points`, `swimtime`) VALUES ('11851', '2111', 'GB578407', '', '600', '00:03:15.00');
INSERT IGNORE INTO `annp_final`.`result` (`resultid`, `eventid`, `license`, `state`, `points`, `swimtime`) VALUES ('11852', '10386', 'GB578407', '', '536', '00:00:41.65');
INSERT IGNORE INTO `annp_final`.`result` (`resultid`, `eventid`, `license`, `state`, `points`, `swimtime`) VALUES ('11853', '10412', 'GB578407', '', '435', '00:00:42.14');
INSERT IGNORE INTO `annp_final`.`result` (`resultid`, `eventid`, `license`, `state`, `points`, `swimtime`) VALUES ('11879', '4128', '128374', '', '701', '00:22:36.53');
INSERT IGNORE INTO `annp_final`.`result` (`resultid`, `eventid`, `license`, `state`, `points`, `swimtime`) VALUES ('11880', '9685', '128374', '', '554', '00:00:33.58');
INSERT IGNORE INTO `annp_final`.`result` (`resultid`, `eventid`, `license`, `state`, `points`, `swimtime`) VALUES ('11881', '1157', '128374', '', '648', '00:02:44.89');
INSERT IGNORE INTO `annp_final`.`result` (`resultid`, `eventid`, `license`, `state`, `points`, `swimtime`) VALUES ('11934', '9605', '203951', '', '167', '00:01:59.56');
INSERT IGNORE INTO `annp_final`.`result` (`resultid`, `eventid`, `license`, `state`, `points`, `swimtime`) VALUES ('11935', '1144', '203951', '', '204', '00:03:37.49');
INSERT IGNORE INTO `annp_final`.`result` (`resultid`, `eventid`, `license`, `state`, `points`, `swimtime`) VALUES ('11936', '10412', '203951', '', '214', '00:00:47.54');
INSERT IGNORE INTO `annp_final`.`result` (`resultid`, `eventid`, `license`, `state`, `points`, `swimtime`) VALUES ('11942', '9632', '203952', '', '117', '00:02:01.16');
INSERT IGNORE INTO `annp_final`.`result` (`resultid`, `eventid`, `license`, `state`, `points`, `swimtime`) VALUES ('11943', '9737', '203952', '', '162', '00:01:37.00');
INSERT IGNORE INTO `annp_final`.`result` (`resultid`, `eventid`, `license`, `state`, `points`, `swimtime`) VALUES ('11944', '9789', '203952', '', '119', '00:02:14.20');
INSERT IGNORE INTO `annp_final`.`result` (`resultid`, `eventid`, `license`, `state`, `points`, `swimtime`) VALUES ('11946', '9632', '102300', '', '271', '00:01:25.00');
INSERT IGNORE INTO `annp_final`.`result` (`resultid`, `eventid`, `license`, `state`, `points`, `swimtime`) VALUES ('11947', '9737', '102300', '', '247', '00:01:17.39');
INSERT IGNORE INTO `annp_final`.`result` (`resultid`, `eventid`, `license`, `state`, `points`, `swimtime`) VALUES ('11948', '9789', '102300', '', '306', '00:01:31.97');
INSERT IGNORE INTO `annp_final`.`result` (`resultid`, `eventid`, `license`, `state`, `points`, `swimtime`) VALUES ('11930', '9685', '143386', '', '247', '00:00:38.00');
INSERT IGNORE INTO `annp_final`.`result` (`resultid`, `eventid`, `license`, `state`, `points`, `swimtime`) VALUES ('11931', '10364', '143386', '', '218', '00:00:50.32');
INSERT IGNORE INTO `annp_final`.`result` (`resultid`, `eventid`, `license`, `state`, `points`, `swimtime`) VALUES ('11932', '2203', '143386', '', '224', '00:04:02.88');
INSERT IGNORE INTO `annp_final`.`result` (`resultid`, `eventid`, `license`, `state`, `points`, `swimtime`) VALUES ('11938', '9605', '215231', '', '202', '00:01:55.72');
INSERT IGNORE INTO `annp_final`.`result` (`resultid`, `eventid`, `license`, `state`, `points`, `swimtime`) VALUES ('11939', '10350', '215231', '', '279', '00:00:52.54');
INSERT IGNORE INTO `annp_final`.`result` (`resultid`, `eventid`, `license`, `state`, `points`, `swimtime`) VALUES ('11940', '9763', '215231', '', '272', '00:01:56.70');
INSERT IGNORE INTO `annp_final`.`result` (`resultid`, `eventid`, `license`, `state`, `points`, `swimtime`) VALUES ('11950', '9685', '210274', '', '147', '00:00:46.74');
INSERT IGNORE INTO `annp_final`.`result` (`resultid`, `eventid`, `license`, `state`, `points`, `swimtime`) VALUES ('11951', '10364', '210274', '', '72', '00:01:13.66');
INSERT IGNORE INTO `annp_final`.`result` (`resultid`, `eventid`, `license`, `state`, `points`, `swimtime`) VALUES ('11952', '9737', '210274', '', '110', '00:01:54.24');
INSERT IGNORE INTO `annp_final`.`result` (`resultid`, `eventid`, `license`, `state`, `points`, `swimtime`) VALUES ('11957', '9685', '41243189', '', '599', '00:00:27.52');
INSERT IGNORE INTO `annp_final`.`result` (`resultid`, `eventid`, `license`, `state`, `points`, `swimtime`) VALUES ('11958', '9737', '41243189', '', '610', '00:01:00.44');
INSERT IGNORE INTO `annp_final`.`result` (`resultid`, `eventid`, `license`, `state`, `points`, `swimtime`) VALUES ('11959', '1157', '41243189', '', '535', '00:02:19.18');
INSERT IGNORE INTO `annp_final`.`result` (`resultid`, `eventid`, `license`, `state`, `points`, `swimtime`) VALUES ('12101', '1157', '147080', '', '186', '00:03:20.83');
INSERT IGNORE INTO `annp_final`.`result` (`resultid`, `eventid`, `license`, `state`, `points`, `swimtime`) VALUES ('12102', '10426', '147080', '', '183', '00:00:45.21');
INSERT IGNORE INTO `annp_final`.`result` (`resultid`, `eventid`, `license`, `state`, `points`, `swimtime`) VALUES ('12129', '2111', '133361', '', '239', '00:04:00.41');
INSERT IGNORE INTO `annp_final`.`result` (`resultid`, `eventid`, `license`, `state`, `points`, `swimtime`) VALUES ('12130', '1118', '133361', '', '672', '00:06:03.36');
INSERT IGNORE INTO `annp_final`.`result` (`resultid`, `eventid`, `license`, `state`, `points`, `swimtime`) VALUES ('12097', '9659', '132419', '', '157', '00:00:53.19');
INSERT IGNORE INTO `annp_final`.`result` (`resultid`, `eventid`, `license`, `state`, `points`, `swimtime`) VALUES ('12098', '10350', '132419', '', '290', '00:00:56.71');
INSERT IGNORE INTO `annp_final`.`result` (`resultid`, `eventid`, `license`, `state`, `points`, `swimtime`) VALUES ('12099', '2190', '132419', '', '393', '00:04:12.88');
INSERT IGNORE INTO `annp_final`.`result` (`resultid`, `eventid`, `license`, `state`, `points`, `swimtime`) VALUES ('12110', '9737', '132421', '', '', '00:00:00.00');
INSERT IGNORE INTO `annp_final`.`result` (`resultid`, `eventid`, `license`, `state`, `points`, `swimtime`) VALUES ('12122', '9685', '107830', '', '514', '00:00:27.61');
INSERT IGNORE INTO `annp_final`.`result` (`resultid`, `eventid`, `license`, `state`, `points`, `swimtime`) VALUES ('12123', '1157', '107830', '', '448', '00:02:19.11');
INSERT IGNORE INTO `annp_final`.`result` (`resultid`, `eventid`, `license`, `state`, `points`, `swimtime`) VALUES ('12124', '10426', '107830', '', '402', '00:00:30.97');
INSERT IGNORE INTO `annp_final`.`result` (`resultid`, `eventid`, `license`, `state`, `points`, `swimtime`) VALUES ('12104', '9685', '202748', '', '115', '00:00:50.70');
INSERT IGNORE INTO `annp_final`.`result` (`resultid`, `eventid`, `license`, `state`, `points`, `swimtime`) VALUES ('12105', '10364', '202748', '', '188', '00:00:53.64');
INSERT IGNORE INTO `annp_final`.`result` (`resultid`, `eventid`, `license`, `state`, `points`, `swimtime`) VALUES ('12126', '9737', '153289', '', '202', '00:01:33.18');
INSERT IGNORE INTO `annp_final`.`result` (`resultid`, `eventid`, `license`, `state`, `points`, `swimtime`) VALUES ('12127', '10426', '153289', '', '262', '00:00:42.74');
INSERT IGNORE INTO `annp_final`.`result` (`resultid`, `eventid`, `license`, `state`, `points`, `swimtime`) VALUES ('12120', '2124', '117638', '', '395', '00:02:59.30');
INSERT IGNORE INTO `annp_final`.`result` (`resultid`, `eventid`, `license`, `state`, `points`, `swimtime`) VALUES ('12118', '1131', '101691', '', '493', '00:05:45.43');
INSERT IGNORE INTO `annp_final`.`result` (`resultid`, `eventid`, `license`, `state`, `points`, `swimtime`) VALUES ('12115', '1157', '200652', '', '336', '00:02:42.43');
INSERT IGNORE INTO `annp_final`.`result` (`resultid`, `eventid`, `license`, `state`, `points`, `swimtime`) VALUES ('12116', '10426', '200652', '', '411', '00:00:33.79');
INSERT IGNORE INTO `annp_final`.`result` (`resultid`, `eventid`, `license`, `state`, `points`, `swimtime`) VALUES ('12107', '9685', '204547', '', '201', '00:00:48.45');
INSERT IGNORE INTO `annp_final`.`result` (`resultid`, `eventid`, `license`, `state`, `points`, `swimtime`) VALUES ('12108', '2203', '204547', '', '362', '00:04:19.83');
INSERT IGNORE INTO `annp_final`.`result` (`resultid`, `eventid`, `license`, `state`, `points`, `swimtime`) VALUES ('12136', '9659', '18137', '', '469', '00:00:32.54');
INSERT IGNORE INTO `annp_final`.`result` (`resultid`, `eventid`, `license`, `state`, `points`, `swimtime`) VALUES ('12137', '10350', '18137', '', '430', '00:00:41.84');
INSERT IGNORE INTO `annp_final`.`result` (`resultid`, `eventid`, `license`, `state`, `points`, `swimtime`) VALUES ('12132', '9685', '117114', '', '181', '00:00:45.96');
INSERT IGNORE INTO `annp_final`.`result` (`resultid`, `eventid`, `license`, `state`, `points`, `swimtime`) VALUES ('12133', '10364', '117114', '', '196', '00:00:52.49');
INSERT IGNORE INTO `annp_final`.`result` (`resultid`, `eventid`, `license`, `state`, `points`, `swimtime`) VALUES ('12134', '2203', '117114', '', '227', '00:04:25.54');
INSERT IGNORE INTO `annp_final`.`result` (`resultid`, `eventid`, `license`, `state`, `points`, `swimtime`) VALUES ('12112', '1157', '22442', '', '498', '00:02:14.36');
INSERT IGNORE INTO `annp_final`.`result` (`resultid`, `eventid`, `license`, `state`, `points`, `swimtime`) VALUES ('12113', '10426', '22442', '', '384', '00:00:31.45');
INSERT IGNORE INTO `annp_final`.`result` (`resultid`, `eventid`, `license`, `state`, `points`, `swimtime`) VALUES ('12701', '2111', '208451', '', '324', '00:03:43.83');
INSERT IGNORE INTO `annp_final`.`result` (`resultid`, `eventid`, `license`, `state`, `points`, `swimtime`) VALUES ('12702', '10350', '208451', '', '330', '00:00:50.88');
INSERT IGNORE INTO `annp_final`.`result` (`resultid`, `eventid`, `license`, `state`, `points`, `swimtime`) VALUES ('12703', '9711', '208451', '', '284', '00:01:30.66');
INSERT IGNORE INTO `annp_final`.`result` (`resultid`, `eventid`, `license`, `state`, `points`, `swimtime`) VALUES ('12573', '9685', '207665', '', '339', '00:00:37.32');
INSERT IGNORE INTO `annp_final`.`result` (`resultid`, `eventid`, `license`, `state`, `points`, `swimtime`) VALUES ('12574', '10364', '207665', '', '301', '00:00:45.50');
INSERT IGNORE INTO `annp_final`.`result` (`resultid`, `eventid`, `license`, `state`, `points`, `swimtime`) VALUES ('12575', '1157', '207665', '', '263', '00:03:17.72');
INSERT IGNORE INTO `annp_final`.`result` (`resultid`, `eventid`, `license`, `state`, `points`, `swimtime`) VALUES ('12569', '9737', '209351', '', '305', '00:01:30.75');
INSERT IGNORE INTO `annp_final`.`result` (`resultid`, `eventid`, `license`, `state`, `points`, `swimtime`) VALUES ('12570', '1157', '209351', '', '364', '00:03:19.78');
INSERT IGNORE INTO `annp_final`.`result` (`resultid`, `eventid`, `license`, `state`, `points`, `swimtime`) VALUES ('12571', '2203', '209351', '', '391', '00:04:08.47');
INSERT IGNORE INTO `annp_final`.`result` (`resultid`, `eventid`, `license`, `state`, `points`, `swimtime`) VALUES ('12578', '9659', '207733', '', '', '00:00:00.00');
INSERT IGNORE INTO `annp_final`.`result` (`resultid`, `eventid`, `license`, `state`, `points`, `swimtime`) VALUES ('12579', '9711', '207733', '', '410', '00:01:19.94');
INSERT IGNORE INTO `annp_final`.`result` (`resultid`, `eventid`, `license`, `state`, `points`, `swimtime`) VALUES ('12580', '2190', '207733', '', '455', '00:03:35.95');
INSERT IGNORE INTO `annp_final`.`result` (`resultid`, `eventid`, `license`, `state`, `points`, `swimtime`) VALUES ('12565', '9685', '213246', '', '406', '00:00:31.34');
INSERT IGNORE INTO `annp_final`.`result` (`resultid`, `eventid`, `license`, `state`, `points`, `swimtime`) VALUES ('12566', '10364', '213246', '', '374', '00:00:40.36');
INSERT IGNORE INTO `annp_final`.`result` (`resultid`, `eventid`, `license`, `state`, `points`, `swimtime`) VALUES ('12567', '1157', '213246', '', '390', '00:02:34.66');
INSERT IGNORE INTO `annp_final`.`result` (`resultid`, `eventid`, `license`, `state`, `points`, `swimtime`) VALUES ('12561', '9737', '148547', '', '244', '00:01:43.36');
INSERT IGNORE INTO `annp_final`.`result` (`resultid`, `eventid`, `license`, `state`, `points`, `swimtime`) VALUES ('12562', '9789', '148547', '', '333', '00:01:58.94');
INSERT IGNORE INTO `annp_final`.`result` (`resultid`, `eventid`, `license`, `state`, `points`, `swimtime`) VALUES ('12563', '10426', '148547', '', '262', '00:00:50.04');
INSERT IGNORE INTO `annp_final`.`result` (`resultid`, `eventid`, `license`, `state`, `points`, `swimtime`) VALUES ('12582', '9685', '213247', '', '256', '00:00:36.54');
INSERT IGNORE INTO `annp_final`.`result` (`resultid`, `eventid`, `license`, `state`, `points`, `swimtime`) VALUES ('11773', '9632', '212131', '', '', '00:00:00.00');
INSERT IGNORE INTO `annp_final`.`result` (`resultid`, `eventid`, `license`, `state`, `points`, `swimtime`) VALUES ('11774', '9737', '212131', '', '', '00:00:00.00');
INSERT IGNORE INTO `annp_final`.`result` (`resultid`, `eventid`, `license`, `state`, `points`, `swimtime`) VALUES ('11775', '10426', '212131', '', '', '00:00:00.00');
INSERT IGNORE INTO `annp_final`.`result` (`resultid`, `eventid`, `license`, `state`, `points`, `swimtime`) VALUES ('11766', '4102', '105895', '', '', '00:00:00.00');
INSERT IGNORE INTO `annp_final`.`result` (`resultid`, `eventid`, `license`, `state`, `points`, `swimtime`) VALUES ('11767', '2111', '105895', '', '', '00:00:00.00');
INSERT IGNORE INTO `annp_final`.`result` (`resultid`, `eventid`, `license`, `state`, `points`, `swimtime`) VALUES ('11769', '9685', '206910', '', '', '00:00:00.00');
INSERT IGNORE INTO `annp_final`.`result` (`resultid`, `eventid`, `license`, `state`, `points`, `swimtime`) VALUES ('11770', '10364', '206910', '', '', '00:00:00.00');
INSERT IGNORE INTO `annp_final`.`result` (`resultid`, `eventid`, `license`, `state`, `points`, `swimtime`) VALUES ('11771', '10399', '206910', '', '', '00:00:00.00');
INSERT IGNORE INTO `annp_final`.`result` (`resultid`, `eventid`, `license`, `state`, `points`, `swimtime`) VALUES ('12611', '9685', '110370', '', '278', '00:00:35.56');
INSERT IGNORE INTO `annp_final`.`result` (`resultid`, `eventid`, `license`, `state`, `points`, `swimtime`) VALUES ('12612', '9737', '110370', '', '259', '00:01:20.41');
INSERT IGNORE INTO `annp_final`.`result` (`resultid`, `eventid`, `license`, `state`, `points`, `swimtime`) VALUES ('12613', '9789', '110370', '', '316', '00:01:33.35');
INSERT IGNORE INTO `annp_final`.`result` (`resultid`, `eventid`, `license`, `state`, `points`, `swimtime`) VALUES ('12615', '9737', '111733', '', '', '00:00:00.00');
INSERT IGNORE INTO `annp_final`.`result` (`resultid`, `eventid`, `license`, `state`, `points`, `swimtime`) VALUES ('12616', '9789', '111733', '', '', '00:00:00.00');
INSERT IGNORE INTO `annp_final`.`result` (`resultid`, `eventid`, `license`, `state`, `points`, `swimtime`) VALUES ('12617', '10426', '111733', '', '', '00:00:00.00');
INSERT IGNORE INTO `annp_final`.`result` (`resultid`, `eventid`, `license`, `state`, `points`, `swimtime`) VALUES ('12619', '9685', '203962', '', '236', '00:00:37.52');
INSERT IGNORE INTO `annp_final`.`result` (`resultid`, `eventid`, `license`, `state`, `points`, `swimtime`) VALUES ('12620', '10364', '203962', '', '255', '00:00:45.82');
INSERT IGNORE INTO `annp_final`.`result` (`resultid`, `eventid`, `license`, `state`, `points`, `swimtime`) VALUES ('12621', '9737', '203962', '', '156', '00:01:35.21');
INSERT IGNORE INTO `annp_final`.`result` (`resultid`, `eventid`, `license`, `state`, `points`, `swimtime`) VALUES ('12600', '10322', '130114', '', '134', '00:04:53.39');
INSERT IGNORE INTO `annp_final`.`result` (`resultid`, `eventid`, `license`, `state`, `points`, `swimtime`) VALUES ('12601', '9711', '130114', '', '317', '00:01:29.29');
INSERT IGNORE INTO `annp_final`.`result` (`resultid`, `eventid`, `license`, `state`, `points`, `swimtime`) VALUES ('12602', '10412', '130114', '', '195', '00:00:53.65');
INSERT IGNORE INTO `annp_final`.`result` (`resultid`, `eventid`, `license`, `state`, `points`, `swimtime`) VALUES ('12607', '9685', '118906', '', '', '00:00:00.00');
INSERT IGNORE INTO `annp_final`.`result` (`resultid`, `eventid`, `license`, `state`, `points`, `swimtime`) VALUES ('12608', '9737', '118906', '', '', '00:00:00.00');
INSERT IGNORE INTO `annp_final`.`result` (`resultid`, `eventid`, `license`, `state`, `points`, `swimtime`) VALUES ('12609', '10426', '118906', '', '', '00:00:00.00');
INSERT IGNORE INTO `annp_final`.`result` (`resultid`, `eventid`, `license`, `state`, `points`, `swimtime`) VALUES ('12604', '9685', '110317', '', '307', '00:00:34.40');
INSERT IGNORE INTO `annp_final`.`result` (`resultid`, `eventid`, `license`, `state`, `points`, `swimtime`) VALUES ('12605', '10364', '110317', '', '339', '00:00:41.68');
INSERT IGNORE INTO `annp_final`.`split` (`splitid`, `resultid`, `distance`, `time`) VALUES ('41231235', '11876', '50', '00:00:48.72');
INSERT IGNORE INTO `annp_final`.`split` (`splitid`, `resultid`, `distance`, `time`) VALUES ('41231236', '11876', '100', '00:01:47.29');
INSERT IGNORE INTO `annp_final`.`split` (`splitid`, `resultid`, `distance`, `time`) VALUES ('41231237', '11876', '150', '00:02:49.43');
INSERT IGNORE INTO `annp_final`.`split` (`splitid`, `resultid`, `distance`, `time`) VALUES ('41231238', '11867', '50', '00:00:34.24');
INSERT IGNORE INTO `annp_final`.`split` (`splitid`, `resultid`, `distance`, `time`) VALUES ('41231239', '12153', '50', '00:00:42.08');
INSERT IGNORE INTO `annp_final`.`split` (`splitid`, `resultid`, `distance`, `time`) VALUES ('41231240', '12153', '100', '00:01:29.04');
INSERT IGNORE INTO `annp_final`.`split` (`splitid`, `resultid`, `distance`, `time`) VALUES ('41231241', '12153', '150', '00:02:17.52');
INSERT IGNORE INTO `annp_final`.`split` (`splitid`, `resultid`, `distance`, `time`) VALUES ('41231242', '12145', '50', '00:00:51.39');
INSERT IGNORE INTO `annp_final`.`split` (`splitid`, `resultid`, `distance`, `time`) VALUES ('41231243', '12141', '50', '00:00:37.13');
INSERT IGNORE INTO `annp_final`.`split` (`splitid`, `resultid`, `distance`, `time`) VALUES ('41231244', '12141', '100', '00:01:19.82');
INSERT IGNORE INTO `annp_final`.`split` (`splitid`, `resultid`, `distance`, `time`) VALUES ('41231245', '12141', '150', '00:02:03.27');
INSERT IGNORE INTO `annp_final`.`split` (`splitid`, `resultid`, `distance`, `time`) VALUES ('41231246', '12161', '50', '00:00:47.94');
INSERT IGNORE INTO `annp_final`.`split` (`splitid`, `resultid`, `distance`, `time`) VALUES ('41231247', '12161', '100', '00:01:42.13');
INSERT IGNORE INTO `annp_final`.`split` (`splitid`, `resultid`, `distance`, `time`) VALUES ('41231248', '12161', '150', '00:02:37.78');
INSERT IGNORE INTO `annp_final`.`split` (`splitid`, `resultid`, `distance`, `time`) VALUES ('41231249', '12548', '50', '00:00:55.21');
INSERT IGNORE INTO `annp_final`.`split` (`splitid`, `resultid`, `distance`, `time`) VALUES ('41231250', '12545', '50', '00:00:51.70');
INSERT IGNORE INTO `annp_final`.`split` (`splitid`, `resultid`, `distance`, `time`) VALUES ('41231251', '12545', '100', '00:01:50.02');
INSERT IGNORE INTO `annp_final`.`split` (`splitid`, `resultid`, `distance`, `time`) VALUES ('41231252', '12545', '150', '00:02:50.03');
INSERT IGNORE INTO `annp_final`.`split` (`splitid`, `resultid`, `distance`, `time`) VALUES ('41231253', '12409', '50', '00:00:53.20');
INSERT IGNORE INTO `annp_final`.`split` (`splitid`, `resultid`, `distance`, `time`) VALUES ('41231254', '12399', '50', '00:00:49.63');
INSERT IGNORE INTO `annp_final`.`split` (`splitid`, `resultid`, `distance`, `time`) VALUES ('41231255', '12390', '50', '00:00:49.75');
INSERT IGNORE INTO `annp_final`.`split` (`splitid`, `resultid`, `distance`, `time`) VALUES ('41231256', '12700', '50', '00:00:35.53');
INSERT IGNORE INTO `annp_final`.`split` (`splitid`, `resultid`, `distance`, `time`) VALUES ('41231257', '12700', '100', '00:01:16.78');
INSERT IGNORE INTO `annp_final`.`split` (`splitid`, `resultid`, `distance`, `time`) VALUES ('41231258', '12700', '150', '00:02:00.44');
INSERT IGNORE INTO `annp_final`.`split` (`splitid`, `resultid`, `distance`, `time`) VALUES ('41231259', '12357', '50', '00:00:43.03');
INSERT IGNORE INTO `annp_final`.`split` (`splitid`, `resultid`, `distance`, `time`) VALUES ('41231260', '12357', '100', '00:01:35.03');
INSERT IGNORE INTO `annp_final`.`split` (`splitid`, `resultid`, `distance`, `time`) VALUES ('41231261', '12357', '150', '00:02:31.53');
INSERT IGNORE INTO `annp_final`.`split` (`splitid`, `resultid`, `distance`, `time`) VALUES ('41231262', '12370', '50', '00:00:29.97');
INSERT IGNORE INTO `annp_final`.`split` (`splitid`, `resultid`, `distance`, `time`) VALUES ('41231263', '12355', '50', '00:00:51.52');
INSERT IGNORE INTO `annp_final`.`split` (`splitid`, `resultid`, `distance`, `time`) VALUES ('41231264', '12355', '100', '00:01:55.44');
INSERT IGNORE INTO `annp_final`.`split` (`splitid`, `resultid`, `distance`, `time`) VALUES ('41231265', '12355', '150', '00:03:04.46');
INSERT IGNORE INTO `annp_final`.`split` (`splitid`, `resultid`, `distance`, `time`) VALUES ('41231266', '12365', '50', '00:00:42.69');
INSERT IGNORE INTO `annp_final`.`split` (`splitid`, `resultid`, `distance`, `time`) VALUES ('41231267', '12367', '50', '00:00:39.09');
INSERT IGNORE INTO `annp_final`.`split` (`splitid`, `resultid`, `distance`, `time`) VALUES ('41231268', '12367', '100', '00:01:24.62');
INSERT IGNORE INTO `annp_final`.`split` (`splitid`, `resultid`, `distance`, `time`) VALUES ('41231269', '12367', '150', '00:02:12.18');
INSERT IGNORE INTO `annp_final`.`split` (`splitid`, `resultid`, `distance`, `time`) VALUES ('41231270', '12353', '50', '00:00:34.01');
INSERT IGNORE INTO `annp_final`.`split` (`splitid`, `resultid`, `distance`, `time`) VALUES ('41231271', '12192', '50', '00:00:43.84');
INSERT IGNORE INTO `annp_final`.`split` (`splitid`, `resultid`, `distance`, `time`) VALUES ('41231272', '12192', '100', '00:01:36.10');
INSERT IGNORE INTO `annp_final`.`split` (`splitid`, `resultid`, `distance`, `time`) VALUES ('41231273', '12192', '150', '00:02:29.80');
INSERT IGNORE INTO `annp_final`.`split` (`splitid`, `resultid`, `distance`, `time`) VALUES ('41231274', '12192', '200', '00:03:24.95');
INSERT IGNORE INTO `annp_final`.`split` (`splitid`, `resultid`, `distance`, `time`) VALUES ('41231275', '12192', '250', '00:04:23.68');
INSERT IGNORE INTO `annp_final`.`split` (`splitid`, `resultid`, `distance`, `time`) VALUES ('41231276', '12192', '300', '00:05:23.67');
INSERT IGNORE INTO `annp_final`.`split` (`splitid`, `resultid`, `distance`, `time`) VALUES ('41231277', '12192', '350', '00:06:14.60');
INSERT IGNORE INTO `annp_final`.`split` (`splitid`, `resultid`, `distance`, `time`) VALUES ('41231278', '12172', '50', '00:00:45.76');
INSERT IGNORE INTO `annp_final`.`split` (`splitid`, `resultid`, `distance`, `time`) VALUES ('41231279', '12178', '50', '00:00:48.26');
INSERT IGNORE INTO `annp_final`.`split` (`splitid`, `resultid`, `distance`, `time`) VALUES ('41231280', '12186', '50', '00:00:33.70');
INSERT IGNORE INTO `annp_final`.`split` (`splitid`, `resultid`, `distance`, `time`) VALUES ('41231281', '12186', '100', '00:01:11.08');
INSERT IGNORE INTO `annp_final`.`split` (`splitid`, `resultid`, `distance`, `time`) VALUES ('41231282', '12186', '150', '00:01:50.85');
INSERT IGNORE INTO `annp_final`.`split` (`splitid`, `resultid`, `distance`, `time`) VALUES ('41231283', '12198', '50', '00:00:59.48');
INSERT IGNORE INTO `annp_final`.`split` (`splitid`, `resultid`, `distance`, `time`) VALUES ('41231284', '12699', '50', '00:00:36.16');
INSERT IGNORE INTO `annp_final`.`split` (`splitid`, `resultid`, `distance`, `time`) VALUES ('41231285', '12442', '50', '00:00:40.87');
INSERT IGNORE INTO `annp_final`.`split` (`splitid`, `resultid`, `distance`, `time`) VALUES ('41231286', '12442', '100', '00:01:26.55');
INSERT IGNORE INTO `annp_final`.`split` (`splitid`, `resultid`, `distance`, `time`) VALUES ('41231287', '12442', '150', '00:02:16.14');
INSERT IGNORE INTO `annp_final`.`split` (`splitid`, `resultid`, `distance`, `time`) VALUES ('41231288', '12448', '50', '00:00:54.56');
INSERT IGNORE INTO `annp_final`.`split` (`splitid`, `resultid`, `distance`, `time`) VALUES ('41231289', '12438', '50', '00:00:58.41');
INSERT IGNORE INTO `annp_final`.`split` (`splitid`, `resultid`, `distance`, `time`) VALUES ('41231290', '12424', '50', '00:00:45.76');
INSERT IGNORE INTO `annp_final`.`split` (`splitid`, `resultid`, `distance`, `time`) VALUES ('41231291', '12424', '100', '00:01:37.15');
INSERT IGNORE INTO `annp_final`.`split` (`splitid`, `resultid`, `distance`, `time`) VALUES ('41231292', '12424', '150', '00:02:30.59');
INSERT IGNORE INTO `annp_final`.`split` (`splitid`, `resultid`, `distance`, `time`) VALUES ('41231293', '12445', '50', '00:00:51.99');
INSERT IGNORE INTO `annp_final`.`split` (`splitid`, `resultid`, `distance`, `time`) VALUES ('41231294', '12429', '50', '00:00:46.83');
INSERT IGNORE INTO `annp_final`.`split` (`splitid`, `resultid`, `distance`, `time`) VALUES ('41231295', '12429', '100', '00:01:40.34');
INSERT IGNORE INTO `annp_final`.`split` (`splitid`, `resultid`, `distance`, `time`) VALUES ('41231296', '12429', '150', '00:02:36.01');
INSERT IGNORE INTO `annp_final`.`split` (`splitid`, `resultid`, `distance`, `time`) VALUES ('41231297', '12630', '50', '00:00:45.75');
INSERT IGNORE INTO `annp_final`.`split` (`splitid`, `resultid`, `distance`, `time`) VALUES ('41231298', '12630', '100', '00:01:36.41');
INSERT IGNORE INTO `annp_final`.`split` (`splitid`, `resultid`, `distance`, `time`) VALUES ('41231299', '12630', '150', '00:02:30.39');
INSERT IGNORE INTO `annp_final`.`split` (`splitid`, `resultid`, `distance`, `time`) VALUES ('41231300', '12632', '50', '00:00:34.06');
INSERT IGNORE INTO `annp_final`.`split` (`splitid`, `resultid`, `distance`, `time`) VALUES ('41231301', '12632', '100', '00:01:11.60');
INSERT IGNORE INTO `annp_final`.`split` (`splitid`, `resultid`, `distance`, `time`) VALUES ('41231302', '12632', '150', '00:01:49.39');
INSERT IGNORE INTO `annp_final`.`split` (`splitid`, `resultid`, `distance`, `time`) VALUES ('41231303', '12635', '50', '00:00:53.27');
INSERT IGNORE INTO `annp_final`.`split` (`splitid`, `resultid`, `distance`, `time`) VALUES ('41231304', '11806', '50', '00:00:44.71');
INSERT IGNORE INTO `annp_final`.`split` (`splitid`, `resultid`, `distance`, `time`) VALUES ('41231305', '11789', '50', '00:00:34.06');
INSERT IGNORE INTO `annp_final`.`split` (`splitid`, `resultid`, `distance`, `time`) VALUES ('41231306', '11829', '50', '00:00:49.38');
INSERT IGNORE INTO `annp_final`.`split` (`splitid`, `resultid`, `distance`, `time`) VALUES ('41231307', '11799', '50', '00:00:39.48');
INSERT IGNORE INTO `annp_final`.`split` (`splitid`, `resultid`, `distance`, `time`) VALUES ('41231308', '11793', '50', '00:00:34.20');
INSERT IGNORE INTO `annp_final`.`split` (`splitid`, `resultid`, `distance`, `time`) VALUES ('41231309', '11796', '50', '00:00:42.02');
INSERT IGNORE INTO `annp_final`.`split` (`splitid`, `resultid`, `distance`, `time`) VALUES ('41231310', '11835', '50', '00:00:46.59');
INSERT IGNORE INTO `annp_final`.`split` (`splitid`, `resultid`, `distance`, `time`) VALUES ('41231311', '11835', '100', '00:01:39.58');
INSERT IGNORE INTO `annp_final`.`split` (`splitid`, `resultid`, `distance`, `time`) VALUES ('41231312', '11835', '150', '00:02:36.08');
INSERT IGNORE INTO `annp_final`.`split` (`splitid`, `resultid`, `distance`, `time`) VALUES ('41231313', '11803', '50', '00:01:01.46');
INSERT IGNORE INTO `annp_final`.`split` (`splitid`, `resultid`, `distance`, `time`) VALUES ('41231314', '11810', '50', '00:00:47.03');
INSERT IGNORE INTO `annp_final`.`split` (`splitid`, `resultid`, `distance`, `time`) VALUES ('41231315', '11842', '50', '00:00:40.00');
INSERT IGNORE INTO `annp_final`.`split` (`splitid`, `resultid`, `distance`, `time`) VALUES ('41231316', '11816', '50', '00:00:43.16');
INSERT IGNORE INTO `annp_final`.`split` (`splitid`, `resultid`, `distance`, `time`) VALUES ('41231317', '11821', '50', '00:00:47.69');
INSERT IGNORE INTO `annp_final`.`split` (`splitid`, `resultid`, `distance`, `time`) VALUES ('41231318', '11825', '50', '00:00:50.22');
INSERT IGNORE INTO `annp_final`.`split` (`splitid`, `resultid`, `distance`, `time`) VALUES ('41231319', '12266', '50', '00:00:56.43');
INSERT IGNORE INTO `annp_final`.`split` (`splitid`, `resultid`, `distance`, `time`) VALUES ('41231320', '12259', '50', '00:00:36.90');
INSERT IGNORE INTO `annp_final`.`split` (`splitid`, `resultid`, `distance`, `time`) VALUES ('41231321', '12259', '100', '00:01:17.22');
INSERT IGNORE INTO `annp_final`.`split` (`splitid`, `resultid`, `distance`, `time`) VALUES ('41231322', '12259', '150', '00:01:58.63');
INSERT IGNORE INTO `annp_final`.`split` (`splitid`, `resultid`, `distance`, `time`) VALUES ('41231323', '12226', '50', '00:00:54.40');
INSERT IGNORE INTO `annp_final`.`split` (`splitid`, `resultid`, `distance`, `time`) VALUES ('41231324', '12226', '100', '00:01:53.22');
INSERT IGNORE INTO `annp_final`.`split` (`splitid`, `resultid`, `distance`, `time`) VALUES ('41231325', '12226', '150', '00:02:53.37');
INSERT IGNORE INTO `annp_final`.`split` (`splitid`, `resultid`, `distance`, `time`) VALUES ('41231326', '12233', '50', '00:00:44.37');
INSERT IGNORE INTO `annp_final`.`split` (`splitid`, `resultid`, `distance`, `time`) VALUES ('41231327', '12299', '50', '00:00:45.58');
INSERT IGNORE INTO `annp_final`.`split` (`splitid`, `resultid`, `distance`, `time`) VALUES ('41231328', '12299', '100', '00:01:37.65');
INSERT IGNORE INTO `annp_final`.`split` (`splitid`, `resultid`, `distance`, `time`) VALUES ('41231329', '12299', '150', '00:02:32.77');
INSERT IGNORE INTO `annp_final`.`split` (`splitid`, `resultid`, `distance`, `time`) VALUES ('41231330', '12321', '50', '00:00:47.92');
INSERT IGNORE INTO `annp_final`.`split` (`splitid`, `resultid`, `distance`, `time`) VALUES ('41231331', '12321', '100', '00:01:40.48');
INSERT IGNORE INTO `annp_final`.`split` (`splitid`, `resultid`, `distance`, `time`) VALUES ('41231332', '12321', '150', '00:02:35.12');
INSERT IGNORE INTO `annp_final`.`split` (`splitid`, `resultid`, `distance`, `time`) VALUES ('41231333', '12251', '50', '00:00:48.52');
INSERT IGNORE INTO `annp_final`.`split` (`splitid`, `resultid`, `distance`, `time`) VALUES ('41231334', '12251', '100', '00:01:42.42');
INSERT IGNORE INTO `annp_final`.`split` (`splitid`, `resultid`, `distance`, `time`) VALUES ('41231335', '12251', '150', '00:02:37.69');
INSERT IGNORE INTO `annp_final`.`split` (`splitid`, `resultid`, `distance`, `time`) VALUES ('41231336', '12245', '50', '00:00:51.77');
INSERT IGNORE INTO `annp_final`.`split` (`splitid`, `resultid`, `distance`, `time`) VALUES ('41231337', '12325', '50', '00:00:55.12');
INSERT IGNORE INTO `annp_final`.`split` (`splitid`, `resultid`, `distance`, `time`) VALUES ('41231338', '12278', '50', '00:00:56.89');
INSERT IGNORE INTO `annp_final`.`split` (`splitid`, `resultid`, `distance`, `time`) VALUES ('41231339', '12278', '100', '00:02:01.73');
INSERT IGNORE INTO `annp_final`.`split` (`splitid`, `resultid`, `distance`, `time`) VALUES ('41231340', '12278', '150', '00:03:08.78');
INSERT IGNORE INTO `annp_final`.`split` (`splitid`, `resultid`, `distance`, `time`) VALUES ('41231341', '12302', '50', '00:00:39.78');
INSERT IGNORE INTO `annp_final`.`split` (`splitid`, `resultid`, `distance`, `time`) VALUES ('41231342', '12302', '100', '00:01:22.24');
INSERT IGNORE INTO `annp_final`.`split` (`splitid`, `resultid`, `distance`, `time`) VALUES ('41231343', '12302', '150', '00:02:06.09');
INSERT IGNORE INTO `annp_final`.`split` (`splitid`, `resultid`, `distance`, `time`) VALUES ('41231344', '12480', '50', '00:00:33.25');
INSERT IGNORE INTO `annp_final`.`split` (`splitid`, `resultid`, `distance`, `time`) VALUES ('41231345', '12480', '100', '00:01:12.37');
INSERT IGNORE INTO `annp_final`.`split` (`splitid`, `resultid`, `distance`, `time`) VALUES ('41231346', '12480', '150', '00:01:56.26');
INSERT IGNORE INTO `annp_final`.`split` (`splitid`, `resultid`, `distance`, `time`) VALUES ('41231347', '12480', '200', '00:02:39.16');
INSERT IGNORE INTO `annp_final`.`split` (`splitid`, `resultid`, `distance`, `time`) VALUES ('41231348', '12480', '250', '00:03:28.82');
INSERT IGNORE INTO `annp_final`.`split` (`splitid`, `resultid`, `distance`, `time`) VALUES ('41231349', '12480', '300', '00:04:16.65');
INSERT IGNORE INTO `annp_final`.`split` (`splitid`, `resultid`, `distance`, `time`) VALUES ('41231350', '12480', '350', '00:04:55.41');
INSERT IGNORE INTO `annp_final`.`split` (`splitid`, `resultid`, `distance`, `time`) VALUES ('41231351', '12527', '50', '00:00:37.01');
INSERT IGNORE INTO `annp_final`.`split` (`splitid`, `resultid`, `distance`, `time`) VALUES ('41231352', '12488', '50', '00:00:50.46');
INSERT IGNORE INTO `annp_final`.`split` (`splitid`, `resultid`, `distance`, `time`) VALUES ('41231353', '12523', '50', '00:00:51.06');
INSERT IGNORE INTO `annp_final`.`split` (`splitid`, `resultid`, `distance`, `time`) VALUES ('41231354', '12469', '50', '00:00:37.06');
INSERT IGNORE INTO `annp_final`.`split` (`splitid`, `resultid`, `distance`, `time`) VALUES ('41231355', '12469', '100', '00:01:17.52');
INSERT IGNORE INTO `annp_final`.`split` (`splitid`, `resultid`, `distance`, `time`) VALUES ('41231356', '12469', '150', '00:01:59.28');
INSERT IGNORE INTO `annp_final`.`split` (`splitid`, `resultid`, `distance`, `time`) VALUES ('41231357', '12515', '50', '00:00:52.22');
INSERT IGNORE INTO `annp_final`.`split` (`splitid`, `resultid`, `distance`, `time`) VALUES ('41231358', '12515', '100', '00:01:51.28');
INSERT IGNORE INTO `annp_final`.`split` (`splitid`, `resultid`, `distance`, `time`) VALUES ('41231359', '12515', '150', '00:02:53.99');
INSERT IGNORE INTO `annp_final`.`split` (`splitid`, `resultid`, `distance`, `time`) VALUES ('41231360', '12492', '50', '00:00:35.93');
INSERT IGNORE INTO `annp_final`.`split` (`splitid`, `resultid`, `distance`, `time`) VALUES ('41231361', '12652', '50', '00:00:38.63');
INSERT IGNORE INTO `annp_final`.`split` (`splitid`, `resultid`, `distance`, `time`) VALUES ('41231362', '12652', '100', '00:01:21.54');
INSERT IGNORE INTO `annp_final`.`split` (`splitid`, `resultid`, `distance`, `time`) VALUES ('41231363', '12652', '150', '00:02:07.42');
INSERT IGNORE INTO `annp_final`.`split` (`splitid`, `resultid`, `distance`, `time`) VALUES ('41231364', '12668', '50', '00:00:33.51');
INSERT IGNORE INTO `annp_final`.`split` (`splitid`, `resultid`, `distance`, `time`) VALUES ('41231365', '12673', '50', '00:00:31.58');
INSERT IGNORE INTO `annp_final`.`split` (`splitid`, `resultid`, `distance`, `time`) VALUES ('41231366', '12673', '100', '00:01:07.66');
INSERT IGNORE INTO `annp_final`.`split` (`splitid`, `resultid`, `distance`, `time`) VALUES ('41231367', '12673', '150', '00:01:45.06');
INSERT IGNORE INTO `annp_final`.`split` (`splitid`, `resultid`, `distance`, `time`) VALUES ('41231368', '12673', '200', '00:02:22.93');
INSERT IGNORE INTO `annp_final`.`split` (`splitid`, `resultid`, `distance`, `time`) VALUES ('41231369', '12673', '250', '00:03:00.90');
INSERT IGNORE INTO `annp_final`.`split` (`splitid`, `resultid`, `distance`, `time`) VALUES ('41231370', '12673', '300', '00:03:39.49');
INSERT IGNORE INTO `annp_final`.`split` (`splitid`, `resultid`, `distance`, `time`) VALUES ('41231371', '12673', '350', '00:04:17.79');
INSERT IGNORE INTO `annp_final`.`split` (`splitid`, `resultid`, `distance`, `time`) VALUES ('41231372', '12673', '400', '00:04:56.60');
INSERT IGNORE INTO `annp_final`.`split` (`splitid`, `resultid`, `distance`, `time`) VALUES ('41231373', '12673', '450', '00:05:35.65');
INSERT IGNORE INTO `annp_final`.`split` (`splitid`, `resultid`, `distance`, `time`) VALUES ('41231374', '12673', '500', '00:06:15.23');
INSERT IGNORE INTO `annp_final`.`split` (`splitid`, `resultid`, `distance`, `time`) VALUES ('41231375', '12673', '550', '00:06:54.55');
INSERT IGNORE INTO `annp_final`.`split` (`splitid`, `resultid`, `distance`, `time`) VALUES ('41231376', '12673', '600', '00:07:34.14');
INSERT IGNORE INTO `annp_final`.`split` (`splitid`, `resultid`, `distance`, `time`) VALUES ('41231377', '12673', '650', '00:08:13.90');
INSERT IGNORE INTO `annp_final`.`split` (`splitid`, `resultid`, `distance`, `time`) VALUES ('41231378', '12673', '700', '00:08:54.26');
INSERT IGNORE INTO `annp_final`.`split` (`splitid`, `resultid`, `distance`, `time`) VALUES ('41231379', '12673', '750', '00:09:34.03');
INSERT IGNORE INTO `annp_final`.`split` (`splitid`, `resultid`, `distance`, `time`) VALUES ('41231380', '12673', '800', '00:10:13.86');
INSERT IGNORE INTO `annp_final`.`split` (`splitid`, `resultid`, `distance`, `time`) VALUES ('41231381', '12673', '850', '00:10:53.53');
INSERT IGNORE INTO `annp_final`.`split` (`splitid`, `resultid`, `distance`, `time`) VALUES ('41231382', '12673', '900', '00:11:33.56');
INSERT IGNORE INTO `annp_final`.`split` (`splitid`, `resultid`, `distance`, `time`) VALUES ('41231383', '12673', '950', '00:12:13.40');
INSERT IGNORE INTO `annp_final`.`split` (`splitid`, `resultid`, `distance`, `time`) VALUES ('41231384', '12673', '1000', '00:12:53.10');
INSERT IGNORE INTO `annp_final`.`split` (`splitid`, `resultid`, `distance`, `time`) VALUES ('41231385', '12673', '1050', '00:13:33.16');
INSERT IGNORE INTO `annp_final`.`split` (`splitid`, `resultid`, `distance`, `time`) VALUES ('41231386', '12673', '1100', '00:14:12.73');
INSERT IGNORE INTO `annp_final`.`split` (`splitid`, `resultid`, `distance`, `time`) VALUES ('41231387', '12673', '1150', '00:14:52.10');
INSERT IGNORE INTO `annp_final`.`split` (`splitid`, `resultid`, `distance`, `time`) VALUES ('41231388', '12673', '1200', '00:15:32.54');
INSERT IGNORE INTO `annp_final`.`split` (`splitid`, `resultid`, `distance`, `time`) VALUES ('41231389', '12673', '1250', '00:16:12.61');
INSERT IGNORE INTO `annp_final`.`split` (`splitid`, `resultid`, `distance`, `time`) VALUES ('41231390', '12673', '1300', '00:16:52.92');
INSERT IGNORE INTO `annp_final`.`split` (`splitid`, `resultid`, `distance`, `time`) VALUES ('41231391', '12673', '1350', '00:17:32.40');
INSERT IGNORE INTO `annp_final`.`split` (`splitid`, `resultid`, `distance`, `time`) VALUES ('41231392', '12673', '1400', '00:18:12.18');
INSERT IGNORE INTO `annp_final`.`split` (`splitid`, `resultid`, `distance`, `time`) VALUES ('41231393', '12673', '1450', '00:18:52.24');
INSERT IGNORE INTO `annp_final`.`split` (`splitid`, `resultid`, `distance`, `time`) VALUES ('41231394', '11916', '50', '00:00:33.41');
INSERT IGNORE INTO `annp_final`.`split` (`splitid`, `resultid`, `distance`, `time`) VALUES ('41231395', '11916', '100', '00:01:13.09');
INSERT IGNORE INTO `annp_final`.`split` (`splitid`, `resultid`, `distance`, `time`) VALUES ('41231396', '11916', '150', '00:01:55.17');
INSERT IGNORE INTO `annp_final`.`split` (`splitid`, `resultid`, `distance`, `time`) VALUES ('41231397', '12678', '50', '00:00:44.77');
INSERT IGNORE INTO `annp_final`.`split` (`splitid`, `resultid`, `distance`, `time`) VALUES ('41231398', '12167', '50', '00:00:42.10');
INSERT IGNORE INTO `annp_final`.`split` (`splitid`, `resultid`, `distance`, `time`) VALUES ('41231399', '12167', '100', '00:01:30.49');
INSERT IGNORE INTO `annp_final`.`split` (`splitid`, `resultid`, `distance`, `time`) VALUES ('41231400', '12167', '150', '00:02:21.29');
INSERT IGNORE INTO `annp_final`.`split` (`splitid`, `resultid`, `distance`, `time`) VALUES ('41231401', '12060', '50', '00:00:56.47');
INSERT IGNORE INTO `annp_final`.`split` (`splitid`, `resultid`, `distance`, `time`) VALUES ('41231402', '12001', '50', '00:00:37.98');
INSERT IGNORE INTO `annp_final`.`split` (`splitid`, `resultid`, `distance`, `time`) VALUES ('41231403', '12040', '50', '00:00:34.39');
INSERT IGNORE INTO `annp_final`.`split` (`splitid`, `resultid`, `distance`, `time`) VALUES ('41231404', '12040', '100', '00:01:14.36');
INSERT IGNORE INTO `annp_final`.`split` (`splitid`, `resultid`, `distance`, `time`) VALUES ('41231405', '12040', '150', '00:02:00.43');
INSERT IGNORE INTO `annp_final`.`split` (`splitid`, `resultid`, `distance`, `time`) VALUES ('41231406', '12040', '200', '00:02:46.22');
INSERT IGNORE INTO `annp_final`.`split` (`splitid`, `resultid`, `distance`, `time`) VALUES ('41231407', '12040', '250', '00:03:38.42');
INSERT IGNORE INTO `annp_final`.`split` (`splitid`, `resultid`, `distance`, `time`) VALUES ('41231408', '12040', '300', '00:04:32.32');
INSERT IGNORE INTO `annp_final`.`split` (`splitid`, `resultid`, `distance`, `time`) VALUES ('41231409', '12040', '350', '00:05:13.57');
INSERT IGNORE INTO `annp_final`.`split` (`splitid`, `resultid`, `distance`, `time`) VALUES ('41231410', '12015', '50', '00:00:50.18');
INSERT IGNORE INTO `annp_final`.`split` (`splitid`, `resultid`, `distance`, `time`) VALUES ('41231411', '12015', '100', '00:01:43.49');
INSERT IGNORE INTO `annp_final`.`split` (`splitid`, `resultid`, `distance`, `time`) VALUES ('41231412', '12015', '150', '00:02:37.70');
INSERT IGNORE INTO `annp_final`.`split` (`splitid`, `resultid`, `distance`, `time`) VALUES ('41231413', '11997', '50', '00:00:42.45');
INSERT IGNORE INTO `annp_final`.`split` (`splitid`, `resultid`, `distance`, `time`) VALUES ('41231414', '11997', '100', '00:01:28.36');
INSERT IGNORE INTO `annp_final`.`split` (`splitid`, `resultid`, `distance`, `time`) VALUES ('41231415', '11997', '150', '00:02:16.25');
INSERT IGNORE INTO `annp_final`.`split` (`splitid`, `resultid`, `distance`, `time`) VALUES ('41231416', '12004', '50', '00:00:39.41');
INSERT IGNORE INTO `annp_final`.`split` (`splitid`, `resultid`, `distance`, `time`) VALUES ('41231417', '12088', '50', '00:00:39.10');
INSERT IGNORE INTO `annp_final`.`split` (`splitid`, `resultid`, `distance`, `time`) VALUES ('41231418', '12088', '100', '00:01:22.31');
INSERT IGNORE INTO `annp_final`.`split` (`splitid`, `resultid`, `distance`, `time`) VALUES ('41231419', '12088', '150', '00:02:06.90');
INSERT IGNORE INTO `annp_final`.`split` (`splitid`, `resultid`, `distance`, `time`) VALUES ('41231420', '12088', '200', '00:02:51.43');
INSERT IGNORE INTO `annp_final`.`split` (`splitid`, `resultid`, `distance`, `time`) VALUES ('41231421', '12088', '250', '00:03:36.47');
INSERT IGNORE INTO `annp_final`.`split` (`splitid`, `resultid`, `distance`, `time`) VALUES ('41231422', '12088', '300', '00:04:21.46');
INSERT IGNORE INTO `annp_final`.`split` (`splitid`, `resultid`, `distance`, `time`) VALUES ('41231423', '12088', '350', '00:05:06.89');
INSERT IGNORE INTO `annp_final`.`split` (`splitid`, `resultid`, `distance`, `time`) VALUES ('41231424', '12088', '400', '00:05:52.00');
INSERT IGNORE INTO `annp_final`.`split` (`splitid`, `resultid`, `distance`, `time`) VALUES ('41231425', '12088', '450', '00:06:37.23');
INSERT IGNORE INTO `annp_final`.`split` (`splitid`, `resultid`, `distance`, `time`) VALUES ('41231426', '12088', '500', '00:07:22.27');
INSERT IGNORE INTO `annp_final`.`split` (`splitid`, `resultid`, `distance`, `time`) VALUES ('41231427', '12088', '550', '00:08:08.03');
INSERT IGNORE INTO `annp_final`.`split` (`splitid`, `resultid`, `distance`, `time`) VALUES ('41231428', '12088', '600', '00:08:52.90');
INSERT IGNORE INTO `annp_final`.`split` (`splitid`, `resultid`, `distance`, `time`) VALUES ('41231429', '12088', '650', '00:09:38.74');
INSERT IGNORE INTO `annp_final`.`split` (`splitid`, `resultid`, `distance`, `time`) VALUES ('41231430', '12088', '700', '00:10:23.54');
INSERT IGNORE INTO `annp_final`.`split` (`splitid`, `resultid`, `distance`, `time`) VALUES ('41231431', '12088', '750', '00:11:09.63');
INSERT IGNORE INTO `annp_final`.`split` (`splitid`, `resultid`, `distance`, `time`) VALUES ('41231432', '12088', '800', '00:11:54.44');
INSERT IGNORE INTO `annp_final`.`split` (`splitid`, `resultid`, `distance`, `time`) VALUES ('41231433', '12088', '850', '00:12:40.11');
INSERT IGNORE INTO `annp_final`.`split` (`splitid`, `resultid`, `distance`, `time`) VALUES ('41231434', '12088', '900', '00:13:25.99');
INSERT IGNORE INTO `annp_final`.`split` (`splitid`, `resultid`, `distance`, `time`) VALUES ('41231435', '12088', '950', '00:14:11.69');
INSERT IGNORE INTO `annp_final`.`split` (`splitid`, `resultid`, `distance`, `time`) VALUES ('41231436', '12088', '1000', '00:14:57.65');
INSERT IGNORE INTO `annp_final`.`split` (`splitid`, `resultid`, `distance`, `time`) VALUES ('41231437', '12088', '1050', '00:15:43.00');
INSERT IGNORE INTO `annp_final`.`split` (`splitid`, `resultid`, `distance`, `time`) VALUES ('41231438', '12088', '1100', '00:16:28.47');
INSERT IGNORE INTO `annp_final`.`split` (`splitid`, `resultid`, `distance`, `time`) VALUES ('41231439', '12088', '1150', '00:17:16.30');
INSERT IGNORE INTO `annp_final`.`split` (`splitid`, `resultid`, `distance`, `time`) VALUES ('41231440', '12088', '1200', '00:18:05.45');
INSERT IGNORE INTO `annp_final`.`split` (`splitid`, `resultid`, `distance`, `time`) VALUES ('41231441', '12088', '1250', '00:18:50.41');
INSERT IGNORE INTO `annp_final`.`split` (`splitid`, `resultid`, `distance`, `time`) VALUES ('41231442', '12088', '1300', '00:19:35.15');
INSERT IGNORE INTO `annp_final`.`split` (`splitid`, `resultid`, `distance`, `time`) VALUES ('41231443', '12088', '1350', '00:20:21.13');
INSERT IGNORE INTO `annp_final`.`split` (`splitid`, `resultid`, `distance`, `time`) VALUES ('41231444', '12088', '1400', '00:21:09.23');
INSERT IGNORE INTO `annp_final`.`split` (`splitid`, `resultid`, `distance`, `time`) VALUES ('41231445', '12088', '1450', '00:21:52.89');
INSERT IGNORE INTO `annp_final`.`split` (`splitid`, `resultid`, `distance`, `time`) VALUES ('41231446', '12030', '50', '00:00:34.82');
INSERT IGNORE INTO `annp_final`.`split` (`splitid`, `resultid`, `distance`, `time`) VALUES ('41231447', '12030', '100', '00:01:12.63');
INSERT IGNORE INTO `annp_final`.`split` (`splitid`, `resultid`, `distance`, `time`) VALUES ('41231448', '12030', '150', '00:01:50.67');
INSERT IGNORE INTO `annp_final`.`split` (`splitid`, `resultid`, `distance`, `time`) VALUES ('41231449', '12030', '200', '00:02:28.81');
INSERT IGNORE INTO `annp_final`.`split` (`splitid`, `resultid`, `distance`, `time`) VALUES ('41231450', '12030', '250', '00:03:06.87');
INSERT IGNORE INTO `annp_final`.`split` (`splitid`, `resultid`, `distance`, `time`) VALUES ('41231451', '12030', '300', '00:03:45.12');
INSERT IGNORE INTO `annp_final`.`split` (`splitid`, `resultid`, `distance`, `time`) VALUES ('41231452', '12030', '350', '00:04:23.73');
INSERT IGNORE INTO `annp_final`.`split` (`splitid`, `resultid`, `distance`, `time`) VALUES ('41231453', '12030', '400', '00:05:02.52');
INSERT IGNORE INTO `annp_final`.`split` (`splitid`, `resultid`, `distance`, `time`) VALUES ('41231454', '12030', '450', '00:05:41.31');
INSERT IGNORE INTO `annp_final`.`split` (`splitid`, `resultid`, `distance`, `time`) VALUES ('41231455', '12030', '500', '00:06:19.75');
INSERT IGNORE INTO `annp_final`.`split` (`splitid`, `resultid`, `distance`, `time`) VALUES ('41231456', '12030', '550', '00:06:58.45');
INSERT IGNORE INTO `annp_final`.`split` (`splitid`, `resultid`, `distance`, `time`) VALUES ('41231457', '12030', '600', '00:07:37.32');
INSERT IGNORE INTO `annp_final`.`split` (`splitid`, `resultid`, `distance`, `time`) VALUES ('41231458', '12030', '650', '00:08:16.13');
INSERT IGNORE INTO `annp_final`.`split` (`splitid`, `resultid`, `distance`, `time`) VALUES ('41231459', '12030', '700', '00:08:55.11');
INSERT IGNORE INTO `annp_final`.`split` (`splitid`, `resultid`, `distance`, `time`) VALUES ('41231460', '12030', '750', '00:09:34.18');
INSERT IGNORE INTO `annp_final`.`split` (`splitid`, `resultid`, `distance`, `time`) VALUES ('41231461', '12030', '800', '00:10:13.79');
INSERT IGNORE INTO `annp_final`.`split` (`splitid`, `resultid`, `distance`, `time`) VALUES ('41231462', '12030', '850', '00:10:53.68');
INSERT IGNORE INTO `annp_final`.`split` (`splitid`, `resultid`, `distance`, `time`) VALUES ('41231463', '12030', '900', '00:11:33.30');
INSERT IGNORE INTO `annp_final`.`split` (`splitid`, `resultid`, `distance`, `time`) VALUES ('41231464', '12030', '950', '00:12:13.09');
INSERT IGNORE INTO `annp_final`.`split` (`splitid`, `resultid`, `distance`, `time`) VALUES ('41231465', '12030', '1000', '00:12:53.16');
INSERT IGNORE INTO `annp_final`.`split` (`splitid`, `resultid`, `distance`, `time`) VALUES ('41231466', '12030', '1050', '00:13:33.10');
INSERT IGNORE INTO `annp_final`.`split` (`splitid`, `resultid`, `distance`, `time`) VALUES ('41231467', '12030', '1100', '00:14:13.14');
INSERT IGNORE INTO `annp_final`.`split` (`splitid`, `resultid`, `distance`, `time`) VALUES ('41231468', '12030', '1150', '00:14:53.15');
INSERT IGNORE INTO `annp_final`.`split` (`splitid`, `resultid`, `distance`, `time`) VALUES ('41231469', '12030', '1200', '00:15:33.12');
INSERT IGNORE INTO `annp_final`.`split` (`splitid`, `resultid`, `distance`, `time`) VALUES ('41231470', '12030', '1250', '00:16:13.30');
INSERT IGNORE INTO `annp_final`.`split` (`splitid`, `resultid`, `distance`, `time`) VALUES ('41231471', '12030', '1300', '00:16:53.59');
INSERT IGNORE INTO `annp_final`.`split` (`splitid`, `resultid`, `distance`, `time`) VALUES ('41231472', '12030', '1350', '00:17:33.76');
INSERT IGNORE INTO `annp_final`.`split` (`splitid`, `resultid`, `distance`, `time`) VALUES ('41231473', '12030', '1400', '00:18:13.79');
INSERT IGNORE INTO `annp_final`.`split` (`splitid`, `resultid`, `distance`, `time`) VALUES ('41231474', '12030', '1450', '00:18:53.50');
INSERT IGNORE INTO `annp_final`.`split` (`splitid`, `resultid`, `distance`, `time`) VALUES ('41231475', '12021', '50', '00:00:39.18');
INSERT IGNORE INTO `annp_final`.`split` (`splitid`, `resultid`, `distance`, `time`) VALUES ('41231476', '12069', '50', '00:00:52.99');
INSERT IGNORE INTO `annp_final`.`split` (`splitid`, `resultid`, `distance`, `time`) VALUES ('41231477', '11860', '50', '00:00:46.04');
INSERT IGNORE INTO `annp_final`.`split` (`splitid`, `resultid`, `distance`, `time`) VALUES ('41231478', '11857', '50', '00:00:57.49');
INSERT IGNORE INTO `annp_final`.`split` (`splitid`, `resultid`, `distance`, `time`) VALUES ('41231479', '11863', '50', '00:00:41.45');
INSERT IGNORE INTO `annp_final`.`split` (`splitid`, `resultid`, `distance`, `time`) VALUES ('41231480', '11863', '100', '00:01:26.57');
INSERT IGNORE INTO `annp_final`.`split` (`splitid`, `resultid`, `distance`, `time`) VALUES ('41231481', '11863', '150', '00:02:15.06');
INSERT IGNORE INTO `annp_final`.`split` (`splitid`, `resultid`, `distance`, `time`) VALUES ('41231482', '11881', '50', '00:00:36.19');
INSERT IGNORE INTO `annp_final`.`split` (`splitid`, `resultid`, `distance`, `time`) VALUES ('41231483', '11881', '100', '00:01:17.95');
INSERT IGNORE INTO `annp_final`.`split` (`splitid`, `resultid`, `distance`, `time`) VALUES ('41231484', '11881', '150', '00:02:01.91');
INSERT IGNORE INTO `annp_final`.`split` (`splitid`, `resultid`, `distance`, `time`) VALUES ('41231485', '11944', '50', '00:01:00.93');
INSERT IGNORE INTO `annp_final`.`split` (`splitid`, `resultid`, `distance`, `time`) VALUES ('41231486', '11948', '50', '00:00:42.93');
INSERT IGNORE INTO `annp_final`.`split` (`splitid`, `resultid`, `distance`, `time`) VALUES ('41231487', '11932', '50', '00:00:55.43');
INSERT IGNORE INTO `annp_final`.`split` (`splitid`, `resultid`, `distance`, `time`) VALUES ('41231488', '11932', '100', '00:01:55.87');
INSERT IGNORE INTO `annp_final`.`split` (`splitid`, `resultid`, `distance`, `time`) VALUES ('41231489', '11932', '150', '00:02:58.60');
INSERT IGNORE INTO `annp_final`.`split` (`splitid`, `resultid`, `distance`, `time`) VALUES ('41231490', '11940', '50', '00:00:55.63');
INSERT IGNORE INTO `annp_final`.`split` (`splitid`, `resultid`, `distance`, `time`) VALUES ('41231491', '11952', '50', '00:00:54.90');
INSERT IGNORE INTO `annp_final`.`split` (`splitid`, `resultid`, `distance`, `time`) VALUES ('41231492', '11959', '50', '00:00:31.86');
INSERT IGNORE INTO `annp_final`.`split` (`splitid`, `resultid`, `distance`, `time`) VALUES ('41231493', '11959', '100', '00:01:06.98');
INSERT IGNORE INTO `annp_final`.`split` (`splitid`, `resultid`, `distance`, `time`) VALUES ('41231494', '11959', '150', '00:01:44.10');
INSERT IGNORE INTO `annp_final`.`split` (`splitid`, `resultid`, `distance`, `time`) VALUES ('41231495', '12130', '50', '00:00:48.66');
INSERT IGNORE INTO `annp_final`.`split` (`splitid`, `resultid`, `distance`, `time`) VALUES ('41231496', '12130', '100', '00:01:51.04');
INSERT IGNORE INTO `annp_final`.`split` (`splitid`, `resultid`, `distance`, `time`) VALUES ('41231497', '12130', '200', '00:03:54.64');
INSERT IGNORE INTO `annp_final`.`split` (`splitid`, `resultid`, `distance`, `time`) VALUES ('41231498', '12099', '50', '00:00:57.40');
INSERT IGNORE INTO `annp_final`.`split` (`splitid`, `resultid`, `distance`, `time`) VALUES ('41231499', '12099', '100', '00:02:01.34');
INSERT IGNORE INTO `annp_final`.`split` (`splitid`, `resultid`, `distance`, `time`) VALUES ('41231500', '12099', '150', '00:03:07.44');
INSERT IGNORE INTO `annp_final`.`split` (`splitid`, `resultid`, `distance`, `time`) VALUES ('41231501', '12120', '50', '00:00:43.36');
INSERT IGNORE INTO `annp_final`.`split` (`splitid`, `resultid`, `distance`, `time`) VALUES ('41231502', '12120', '100', '00:01:29.49');
INSERT IGNORE INTO `annp_final`.`split` (`splitid`, `resultid`, `distance`, `time`) VALUES ('41231503', '12120', '150', '00:02:15.13');
INSERT IGNORE INTO `annp_final`.`split` (`splitid`, `resultid`, `distance`, `time`) VALUES ('41231504', '12118', '50', '00:00:33.14');
INSERT IGNORE INTO `annp_final`.`split` (`splitid`, `resultid`, `distance`, `time`) VALUES ('41231505', '12118', '100', '00:01:14.10');
INSERT IGNORE INTO `annp_final`.`split` (`splitid`, `resultid`, `distance`, `time`) VALUES ('41231506', '12118', '150', '00:01:59.08');
INSERT IGNORE INTO `annp_final`.`split` (`splitid`, `resultid`, `distance`, `time`) VALUES ('41231507', '12118', '200', '00:02:41.79');
INSERT IGNORE INTO `annp_final`.`split` (`splitid`, `resultid`, `distance`, `time`) VALUES ('41231508', '12118', '250', '00:03:31.43');
INSERT IGNORE INTO `annp_final`.`split` (`splitid`, `resultid`, `distance`, `time`) VALUES ('41231509', '12118', '300', '00:04:20.87');
INSERT IGNORE INTO `annp_final`.`split` (`splitid`, `resultid`, `distance`, `time`) VALUES ('41231510', '12118', '350', '00:05:03.83');
INSERT IGNORE INTO `annp_final`.`split` (`splitid`, `resultid`, `distance`, `time`) VALUES ('41231511', '12108', '50', '00:00:59.01');
INSERT IGNORE INTO `annp_final`.`split` (`splitid`, `resultid`, `distance`, `time`) VALUES ('41231512', '12108', '100', '00:02:05.30');
INSERT IGNORE INTO `annp_final`.`split` (`splitid`, `resultid`, `distance`, `time`) VALUES ('41231513', '12108', '150', '00:03:14.45');
INSERT IGNORE INTO `annp_final`.`split` (`splitid`, `resultid`, `distance`, `time`) VALUES ('41231514', '12134', '50', '00:00:58.15');
INSERT IGNORE INTO `annp_final`.`split` (`splitid`, `resultid`, `distance`, `time`) VALUES ('41231515', '12134', '100', '00:02:06.26');
INSERT IGNORE INTO `annp_final`.`split` (`splitid`, `resultid`, `distance`, `time`) VALUES ('41231516', '12134', '150', '00:03:17.73');
INSERT IGNORE INTO `annp_final`.`split` (`splitid`, `resultid`, `distance`, `time`) VALUES ('41231517', '12703', '50', '00:00:42.07');
INSERT IGNORE INTO `annp_final`.`split` (`splitid`, `resultid`, `distance`, `time`) VALUES ('41231518', '12575', '50', '00:00:40.99');
INSERT IGNORE INTO `annp_final`.`split` (`splitid`, `resultid`, `distance`, `time`) VALUES ('41231519', '12575', '100', '00:01:30.72');
INSERT IGNORE INTO `annp_final`.`split` (`splitid`, `resultid`, `distance`, `time`) VALUES ('41231520', '12575', '150', '00:02:25.87');
INSERT IGNORE INTO `annp_final`.`split` (`splitid`, `resultid`, `distance`, `time`) VALUES ('41231521', '12571', '50', '00:00:56.09');
INSERT IGNORE INTO `annp_final`.`split` (`splitid`, `resultid`, `distance`, `time`) VALUES ('41231522', '12571', '100', '00:02:00.17');
INSERT IGNORE INTO `annp_final`.`split` (`splitid`, `resultid`, `distance`, `time`) VALUES ('41231523', '12571', '150', '00:03:04.78');
INSERT IGNORE INTO `annp_final`.`split` (`splitid`, `resultid`, `distance`, `time`) VALUES ('41231524', '12580', '50', '00:00:47.92');
INSERT IGNORE INTO `annp_final`.`split` (`splitid`, `resultid`, `distance`, `time`) VALUES ('41231525', '12580', '100', '00:01:43.31');
INSERT IGNORE INTO `annp_final`.`split` (`splitid`, `resultid`, `distance`, `time`) VALUES ('41231526', '12580', '150', '00:02:41.08');
INSERT IGNORE INTO `annp_final`.`split` (`splitid`, `resultid`, `distance`, `time`) VALUES ('41231527', '12567', '50', '00:00:35.68');
INSERT IGNORE INTO `annp_final`.`split` (`splitid`, `resultid`, `distance`, `time`) VALUES ('41231528', '12567', '100', '00:01:14.15');
INSERT IGNORE INTO `annp_final`.`split` (`splitid`, `resultid`, `distance`, `time`) VALUES ('41231529', '12567', '150', '00:01:55.11');
INSERT IGNORE INTO `annp_final`.`split` (`splitid`, `resultid`, `distance`, `time`) VALUES ('41231530', '12613', '50', '00:00:44.51');
INSERT IGNORE INTO `annp_final`.`split` (`splitid`, `resultid`, `distance`, `time`) VALUES ('41231531', '12621', '50', '00:00:40.55');
